date,news
2024-10-16,星昊医药10月15日获融资买入90.59万元，融资余额2163.25万元
2024-10-15,星昊医药的空中加油形态揭示了哪些市场动态？策略之王监测到，2024年10月15日星昊医药K线形态出现“空中加油”形态，短线投资者可积极关注，是捕捉个股力量爆发的一个参照物。 "空中加油"是在一段上升趋势中，股票价格可能会经历一段短暂的回调或盘整，之后继续其上升趋势。
2024-10-14,星昊医药（430017）4268.43万股限售股将于10月14日解禁，占总股本34.82%证券之星消息，根据市场公开信息整理，星昊医药（430017）于10月14日将有4268.43万股限售股份解禁，为公司公开发行原股东限售股份，占公司总股本34.82%。
2024-10-13,未来一个月限售股解禁及股权质押情况变化：2024年10月8日至2024年11月8日，共有21家医药上市公司发生或即将发生限售股解禁，其中百普赛斯、星昊医药、新赣江、拓新药业、中科美菱等公司涉及解禁股份占总股本比例较高。在股权质押方面，新天药业、羚锐制药、信立泰、莱茵生物、通化东宝等第一大股东质押比例提升较多，复星医药等第一大股东质押比例下降较多。
2024-10-11,10月10日晚间，北交所多家上市公司发布公告，以下是同壁财经整理的重要公告：星昊医药（430017）：本次已回购公司股份26.5万股 占预计回购股份总数量上限的52.249%.北京星昊医药股份有限公司是一家从事高端药物制剂研发产业化服务的创新型企业，专注于特色和高端药物制剂的研发，以自主研发的核心技术为基础，构建 GMP 条件下的技术平台，通过技术平台开展药品制造以及 CMC/CMO 的一体化服务。公司主要产品包括复方消化酶胶囊、吡拉西坦(小水针和粉针)、醋酸奥曲肽(小水针和粉针)、甲钴胺片、注射用硫普罗宁等。
2024-10-10,星昊医药（430017）本次已回购公司股份26.5万股 占预计回购股份总数量上限的52.249%
2024-10-09,星昊医药将于10月14日解禁4268.43万股，星昊医药（430017）10月9日主力资金净卖出1069.98万元
2024-10-08,加速上涨形K线形态分析：星昊医药的新视角？策略之王监测到，2024年10月08日星昊医药K线形态出现加速上涨形态，短线投资者可积极关注，是捕捉个股力量爆发的一个参照物。 加速上涨形是一种蜡烛图模式，它由一系列逐渐增长的阳线组成，这些阳线的实体部分逐渐变大，表明买方的控制力正在增强。
2024-10-07,北交所2024年上市/过会/暂缓审议的21家公司都采用第一套标准.采用标准三的只有创远信科（831961，2020年7月入精选层）一家。采用标准四的有星昊医药（430017）、康乐卫士（833575）、诺思兰德（430047，2020年11月入精选层）、连城数控（835368，2020年7月入精选层）等。 
2024-09-30,星昊医药：9月27日获融资买入82.38万元
2024-09-29,253只北交所股票今日上涨，3只涨停9.89 6.46 3330.44 833819 颖泰生物 2.62 8.71 1.07 3308.78 430017 星昊医药
2024-09-27,星昊医药上涨5.17%，报11.59元/股.9月27日，星昊医药盘中上涨5.17%，截至10:54，报11.59元/股，成交1292.46万元，换手率1.45%，总市值14.21亿元。
2024-09-26,星昊医药(430017)：CMC／CMO业务增长强劲 消化道与代谢药物市场表现突出 投资要点： 公司着重发展CMC/CMO 业务，药品研发制造领域的专精特新企业。
2024-09-25,星昊医药（430017）9月25日主力资金净卖出71.83万元 证券之星消息，截至2024年9月25日收盘，星昊医药(430017)报收于10.83元，上涨0.84%，换手率1.54%，成交量1.21万手，成交额1316.99万元。
2024-09-24,星昊医药：9月23日融资买入4.23万元，融资融券余额1473.65万元 证券之星消息，9月23日，星昊医药（430017）融资买入4.23万元，融资偿还11.48万元，融资净卖出7.25万元，融资余额1473.65万元。
2024-09-23,星昊医药：9月20日融资买入4036元，融资融券余额1480.89万元 证券之星消息，9月20日，星昊医药（430017）融资买入0.4万元，融资偿还28.35万元，融资净卖出27.94万元，融资余额1480.89万元，近20个交易日中有11个交易日出现融资净买入。
2024-09-22,【北交所观察】北证50样本第八次调整生效，下周瑞华技术上市+科隆新材上会 导读 ● 周专题：北证50样本股调整生效，铜冠矿建公布申购结果 ● 周观点：市场整体处低位进入窗口配置期，京港境内外两个市场共同促进 ● 市场情况：北证A股整体PE回落到17.8X，日均成交额维持在25亿元
2024-09-21,开源北交所深度 | 半年报行业专题全梳理 对2024H1北交所五大行业半年报企业的系统性总结，新能源产业链分化，锂电行业毛利率提升业绩高增长；医药生物多家业绩转好，盈利能力增强；石化产业链高成长性，低估值呈现高性价比；电子行业整体呈现上升趋势；
2024-09-20,星昊医药（430017）9月20日主力资金净卖出20.74万元
2024-09-19,北交所成交活跃股排行榜 6.28 1.13 1.03 353.15 837023 芭薇股份 8.59 0.70 1.24 348.19 430017 星昊医药
2024-09-18,星昊医药：9月13日融资买入30.06万元，融资融券余额1495.47万元
2024-09-13,星昊医药(430017)多个品种中标集采销量增加 盐酸纳洛酮注射液通过一致性评价.星昊医药2024H1营收3.21亿元，同比-2.92%，归母净利润6042.86万元，同比+13.16%。 公司复方消化酶胶囊国内市场占有率在复方消化酶类制剂中已经连续多年处于第一位
2024-09-12,深交所频发监管函，高销售费用率成IPO拦路虎？21世纪经济报道 见习记者李佳英 广州报道 近日，深交所对多家券商在保荐生物医药企业IPO过程中的违规行为进行了公开通报，并采取了书面警示的自律监管措施。
2024-09-11,星昊医药（430017）9月11日主力资金净卖出19.10万元
2024-09-09,【开源北交所】北证医药生物2024H1多家业绩转好，盈利能力增强_半年报专题系列一 导读 ● 2024H1业绩：北证43%的医药生物企业营收增长，扣非净利润同比增长20% ● 2024Q2业绩：北证医药生物企业营收同比增长5%，归母净利润同比增长19%
2024-09-06,星昊医药：9月5日融资买入46.32万元，融资融券余额1506.98万元 证券之星消息，9月5日，星昊医药（430017）融资买入46.32万元，融资偿还0.32万元，融资净买入46.0万元，融资余额1506.98万元。 融券方面，当日无融券交易。
2024-09-05,投行副总王昭凭被查，申万宏源承销保荐：已辞职 银柿财经梳理发现，王昭凭作为保荐业务部门负责人签字的项目共有7个，分别是星昊医药（430017.BJ）、云里物里（872374.BJ）、中纺标（873122.BJ）、时代银通、灿能电力（870299.BJ）、威贸电子（833346.BJ）、隆基电磁。
2024-09-03,星昊医药：9月2日融资买入9595元，融资融券余额1478.3万元
2024-09-02,星昊医药：已回购股份14万股，占预计回购股份上限的27.603%，已支付总金额为149.47万元 金融界9月2日消息，星昊医药公告，截至2024年8月31日，公司通过回购股份专用证券账户以竞价转让方式回购公司股份14万股，占公司总股本的0.114%，占预计回购股份总数量上限（总数量上限按11.83元/股的价格计算）的27.603%
2024-08-31,“药界清华”，如何改变南京？○ 南京的生物医药产业，有望成为我国产教融合的标杆。如今，仁迈生物研发的多款体外诊断仪器和70余项体外诊断试剂已进入国内20余省份的三甲医院，同时远销欧洲、东南亚、中东等10多个海外市场。南京完善的政策、优质的服务、健全的生态，让校友企业敢投资，让校友敢创业。这是一场创业者与城市的双向奔赴。
2024-08-30,星昊医药：8月29日融资买入9.66万元，融资融券余额1516.28万元
2024-08-29,开源证券：给予星昊医药买入评级 开源证券股份有限公司诸海滨近期对星昊医药进行研究并发布了研究报告《北交所信息更新：业务量增加，2024H1归母净利润+13%》，本报告对星昊医药给出买入评级，当前股价为10.66元。 
2024-08-28,北交所股票成交概况：157股上涨，72股下跌 0.19 478.01 835857 百甲科技 3.12 -0.64 1.29 472.17 430017 星昊医药
2024-08-27,星昊医药(430017.BJ)：2024年中报净利润为6042.86万元、较去年同期上涨13.16% 2024年8月26日，星昊医药(430017.BJ)发布2024年中报，营业总收入为3.21亿元，归母净利润为6042.86万元，同比较去年同期上涨13.16%。 
2024-08-26,星昊医药股东户数下降3.30%，户均持股11.76万元 星昊医药2024年8月26日在半年度报告中披露，截至2024年6月30日公司股东户数为7151户，较上期（2024年3月31日）减少244户，减幅为3.30%。 星昊医药股东户数低于行业平均水平。
2024-08-25,公允价值变动损益影响业绩，双鹭药业上半年净利锐减逾九成 8月25日晚间，双鹭药业（002038）交出了一份营业收入、归属净利润双双下滑的半年度答卷，其中归属净利润骤降逾九成。 财务数据显示，今年上半年，双鹭药业实现营业收入约为3.92亿元，同比下降32.81%；
2024-08-24,一文透视北交所250家上市公司！(净利润、发行费用、排队时长、中介排名等）以下文章来源于他山以微 ，作者他山以微 随着8月22日太湖远大（920118.BJ）登陆北交所上市，目前北交所上市公司家数已达250家。 本文从地区、行业、总市值、上市标准、净利润、发行费用、排队时长、中介排名等方面对这250家公司分析。选择“标准4”的北交所上市公司有4家（星昊医药、康乐卫士、诺思兰德、连城数控）。
2024-08-20,成份股调整预测：预计调整冲击系数绝对值大于1 北证50指数2024年9月定期调整，颖泰生物、惠丰钻石、鹿得医疗、广道数字、星辰科技等5只个股可能被调出指数，预期调入股资金总净买入额1.61亿元，广厦环能、五新隧装和机科股份本轮调整冲击系数大于1；颖泰生物受到流动性冲击影响可能较大，本轮调整冲击系数绝对值约为20，鹿得医疗、广道数字冲击系数绝对值均大于1。
2024-08-19,医药行业周报：医疗设备更新逐步进入落地阶段，继续重点关注创新药及医疗器械 本周，医疗设备更新再现进展。安徽省卫健委发布2024年9月至10月政府采购意向，为紧密型县域医共体设备更新一期项目，预算金额5.9亿元，预计采购时间为2024年10月，主要更新设备类型包括核磁共振成像系统（MR）、数字减影血管造影设备
2024-08-18,医药行业周报：持续看好创新药底部个股 2024年08月17日 证券研究报告•行业研究•医药生物 医药行业周报（8.12-8.16） 投资要点  行情回顾：本周医药生物指数上涨 0.05%，跑输沪深300指数0.37 个百分点，行业涨跌幅排名第 14。
2024-08-17,医药行业周报：持续看好创新药底部个股 行情回顾：本周医药生物指数上涨0.05%，跑输沪深300指数0.37个百分点，行业涨跌幅排名第14。2024年初以来至今，医药行业下跌21.08%，跑输沪深300指数18.59个百分点，行业涨跌幅排名第24。
2024-08-12,北交所策略专题报告：北交所新质生产力公司优选-人均创收和创利的深度剖析 人均创收和人均创利指标提供衡量新质生产力的新视角 鉴于人口红利结束，推动劳动力人均产出提升，推动劳动力高质量发展，形成高质量生产力，为加快发展新质生产力提供保障是当务之急。
2024-08-11,医药行业周报：成长穿越周期，继续关注创新+国际化 投资要点 回顾历史，医药行业经历多轮政策和产业周期，依托于爆品的成长股可穿越周期。如果以2018年底作为“鼓励创新药、推动仿制药集采”政策的第一次拐点，2018年底至今涨幅最靠前的医药公司，大多数是大产品放量型公司
2024-08-10,医药行业周报：看好创新药底部个股 行情回顾：本周医药生物指数下跌0.41%，跑赢沪深300指数1.15个百分点，行业涨跌幅排名第10。2024年初以来至今，医药行业下跌21.12%，跑输沪深300指数18.22个百分点，行业涨跌幅排名第25。
2024-08-09,2024年北交所中期策略：市场回调价值再现，乘势待时攻守有 投资要点： 北证缩量回调，北证整体估值水平有所下降。（1）2024年上半年市场表现方面，2024年上半年北证50从年初的1105.21点回调至708.97点，区间跌幅达34.52%，
2024-08-06,医药生物行业跟踪分析：建议关注院内诊疗相关资产修复 过去一年国家开展了系统性医疗反腐工作，对医疗行为进行规范，为未来真正具备临床价值的诊疗行为提供了更广阔和健康的发展空间。在工作执行的过程中，医疗机构的诊疗活动、上游产品（药/械）出现一定波动。随着行业的规范化，我们认为医疗板块将逐步回到健康的成长轨道上。
2024-08-05,医药2024年08月投资月报：创新药支持政策持续推进，板块后续有望迎来触底回升 
2024-08-04,新股交投热度略有升温，但局部活跃方向或强调底部配置 新股周观点：上周新股次新板块二级市场交投活跃度有所升温，但结构性分化特征依旧未改；从局部活跃方向来看，市场对于安全边际的重视度可能依然较高，凸显当前风险偏好相对受制。
2024-07-30,医药行业周报：DRG/DIP 2.0版本发布，ESMO、WCLC逐渐临近
2024-07-28,医药行业周报：维生素品种价格提升，关注后续业绩趋势
2024-07-24,北交所策略专题报告：现金为王-从现金角度看当前北交所公司投资机会
2024-07-23,医药行业周报：板块机构持仓进一步下行，建议继续加强对医药关注
2024-07-22,医药生物行业跨市场周报：公募基金医药持仓占比降至五年低位，有望企稳回升
2024-07-21,北交所策略专题报告：北交所周观察-2024Q248家公司进入各类基金前十大名单，非主题基金
2024-07-20,北交所周报：北证50指数超跌反弹，中期业绩预报频传喜讯
2024-07-18,北交所：北交所放量上涨，预计热度将持续。前期北证板块调整较多，现阶段估值水平相对较低，板块投资价值凸显，因此我们认为北证板块交易热度将持续，可关注板块估值修复机会。
2024-07-17,北交所策略专题报告：估值为尺-北证回调已至低点，回购+增持+股权激励增信心
2024-07-15,医药行业周报：板块初现企稳趋势，建议继续加强对医药关注
2024-07-14,北交所策略专题报告：已至低点-从PB角度看北交所市场估值中枢情况北交所整体PE估值性价比高，进入配置窗口期 截至2024年7月8日，北证50指数为667.15点，与上一轮周期低点（2024年2月5日）734.74点相比已经低了76.59点。
2024-07-13,医药行业周报：关注低估值板块超跌反弹 行情回顾：本周医药生物指数下跌0.08%，跑输沪深300指数1.29个百分点，行业涨跌幅排名第21。2024年初以来至今，医药行业下跌21.07%，跑输沪深300指数22.27个百分点，行业涨跌幅排名第26。
2024-07-08,医药行业周报：全链条支持创新药政策落地，建议继续加强对医药关注 07月01日-07月05日医药生物板块跑赢沪深300指数，医药生物板块全周上涨0.10%，沪深300指数全周下跌0.88%。 2024年7月5日，国务院常务会议审议通过《全链条支持创新药发展实施方案》。
2024-07-07,北交所周报：北交所公司半年报披露时间确定，锦波生物上半年业绩亮眼 周观点：本周，北交所整体表现较弱，北证50指数周跌幅约2.4%。板块整周成交额达到134.1亿元，较上周减少12.3亿元，流动性小幅下降。
2024-07-06,医药行业周报：创新药迎来政策利好 行情回顾：本周医药生物指数上涨0.11%，跑赢沪深300指数0.99个百分点，行业涨跌幅排名第10。
2024-07-04,医药2024年07月投资月报：Q3来临，建议加强对医药关注 2024年06月沪深300指数全月下跌3.30%，中信医药指数全月下跌8.12%，跑输沪深300指数。 2024年5月以来医药板块持续调整，分析来看，我们认为医药板块下行源于前期反弹、政策变化等多因素影响
2024-07-02,北交所机械月报：6月机床设备等板块领涨；关注新质生产力、设备更新领域
2024-06-30,北交所周观察：2024H1受理30家IPO远超沪深，10家新股首日涨幅超110%
2024-06-29,北交所周报：北证50指数震荡调整，多家公司公告回购增持 北证50指数周涨跌幅为-2.96%，行业涨跌分化。本周北证50涨跌幅为-2.96%。
2024-06-26,医药行业周报：板块调整积蓄向上动能，当前可加强对医药关注 06月17日-06月21日医药生物板块跑输沪深300指数，医药生物板块全周下跌2.64%，沪深300指数全周下跌1.30%。 5月以来，医药板块持续调整，中信医药生物指数下跌8.6%（沪深300同期下跌3.0%），
2024-06-23,北交所周观察：财政部等支持专精特新企业发展，北交所“小巨人”占比53%
2024-06-18,医药行业周报：医疗设备更新政策进展频发，继续重点关注医疗器械 06月10日-06月14日医药生物板块跑赢沪深300指数，医药生物板块全周下跌0.70%，沪深300指数全周下跌0.91%。 自2020年以来，全国各地开始逐渐重视医疗补短板和新基建。
2024-06-16,北交所策略专题报告：北交所周观察-成电光信和太湖远大北交所上会，72家公司调入新三板 72家公司调入新三板创新层，2024年前四批共有370家公司调入 2024年6月14日，全国股转公司公布2024年第四批调入创新层的挂牌公司名单，共计72家公司调入创新层。
2024-06-11,医药行业周报：政策框架稳定，继续加强关注医药板块06月03日-06月07日医药生物板块跑输沪深300指数，医药生物板块全周下跌1.76%，沪深300指数全周下跌0.16%。 6月6日，国务院办公厅发布《深化医药卫生体制改革2024年重点工作任务》。
2024-06-10,北交所策略专题报告：北交所周观察-2024年100家挂牌新三板，时隔四个月北交所重启上市.2024年100家挂牌新三板，5月新受理15家业绩中值超5500万元 本期周观察，我们继续把研究视角聚集到新三板新挂牌和新受理公司情况，整体来看，我们发现新三板新挂牌企业质量持续提升，多家公司盈利规模较大
2024-06-04,医药2024年06月投资月报：加强关注医药板块，继续重点推荐创新方向.2024年05月大盘下跌，沪深300指数全月下跌0.68%，中信医药指数全月下跌3.80%，跑输沪深300指数。 近期，医药板块在经历短暂上行后，再次进入调整阶段，估值和机构持仓重回至历史低位水平。
2024-06-02,医药生物行业跨市场周报：康方依沃西单药首胜帕博利珠，建议关注双抗技术领域 行情回顾：上周，A股医药生物指数下跌0.94%，跑输沪深300指数0.34pp，跑输创业板综指1.09pp，在31个子行业中排名第19，表现一般。港股恒生医疗健康指数上周收跌1.52%，跑赢恒生国企指数1.70pp。 
2024-05-31,融资融券研究日报内参 【两融市场数据】 截至2024年5月29日，两市融资融券余额15305.06亿元，其中融资余额为14917.12亿元，融券余额为387.94亿元。
2024-05-27,医药生物行业周报：医药股息率3%+、增速10%+的公司有哪些？一、当周（5.20-5.24）回顾与周专题： 当周（5.20-5.24）申万医药指数环比-3.74%，涨跌幅列全行业第17位，跑输创业板指数，跑输沪深300指数。
2024-05-26,北交所策略专题报告：北交所周观察-减持新规落地，北交所保留特色制度下新增防范绕道 北交所修订减持指引，保留现有特色制度下新增防范绕道减持等要求 2024年5月24日，证监会发布《上市公司股东减持股份管理暂行办法》、《上市公司董事、监事和高级管理人员所持本公司股份及其变动管理规则》
2024-05-25,医药生物周跟踪：2024年医药集采方向 本周思考：医药集采提质扩面政策，2024年集采深化的方向 药品方面的集采深化。湖北继续牵头中成药集采、山东牵头中药饮片集采、河南牵头国家组织集采可替代药品集采、三明联盟开展肿瘤和呼吸系统疾病用药集采等药品全国联采工作。 
2024-05-23,北交所专题报告：24Q1重仓北证A股的基金数量加速上升，长期资金开始布局 24Q1北证A股机构总持股比例环比微降，但长期资金开始布局，北交所机构投资者多元化程度进一步提升 根据Wind数据，24Q1北证A股机构持股比例合计（平均法）为16.93%，环比微降（-0.54pct）。
2024-05-20,医药行业周报：需求侧潜力依旧+“智造”出海，建议重点关注医疗器械 05月13日-05月17日医药生物板块跑输沪深300指数，医药生物板块全周下跌1.98%，沪深300指数全周上涨0.32%。 
2024-05-18,医药生物周跟踪：下半年新药看哪些？本周思考：国产创新药进入收获期，哪些品类值得关注？ 存量品种看，2023全年获批国产新药23款，2024年1-4月共获批6款国产1类新药，重点品种包括：京新药业的安达西尼（失眠）、迪哲医药的舒沃替尼（NSCLC）
2024-05-14,医药行业周报：新技术进展不断，继续关注创新主线 投资要点 05月06日-05月10日医药生物板块跑赢沪深300指数，医药生物板块全周上涨2.69%，沪深300指数全周上涨1.72%。 当前，随着技术发展、政策支持、资本加持，合成生物学赛道备受关注。
2024-05-12,医药生物行业周跟踪：如何看合成生物、干细胞新进展？4月25日~29日，2024中关村论坛年会在北京举办，北京化工大学校长、中国工程院院士谭天伟透露，目前由发改委牵头，工信部和科技部等国家部委正在联合研制国家生物技术和生物制造行动计划，并且有望在近期出台。
2024-05-11,医药行业周报：短期反弹，后续看估值和业绩匹配度 行情回顾：本周医药生物指数上涨2.6%，跑赢沪深300指数0.89个百分点，行业涨跌幅排名第12。2024年初以来至今，医药行业下跌7.4%，跑输沪深300指数14.3个百分点，行业涨跌幅排名第25。
2024-05-07,医药2024年05月投资月报：一季报延续稳健增长，板块性价比正持续提升
2024-05-05,制药和Biotech行业2023年报及2024年1季报总结：把握创新药资产布局机会 长期持续趋势向好，创新落地驱动业绩持续改善。根据Wind数据，我们纳入了58家A股化学制药公司进行分析，行业整体23年营收同比增速为2.8%
2024-04-30,医药行业周报：医药机构持仓回落至中低位水平，板块性价比正持续提升，04月22日-04月26日医药生物板块跑赢沪深300指数，医药生物板块全周上涨4.61%，沪深300指数全周上涨1.20%。
2024-04-28,医药生物行业跟踪分析：把握创新药资产布局机会 核心观点： 本周申万医药指数上涨3.59%，涨幅在全行业排名靠前。截至2024年4月26日，周内申万医药生物指数上涨3.59%，跑赢沪深300指数约2.08个百分点，在所有32个申万一级子行业中跌幅排名第7位。
2024-04-27,医药行业周报：看好医药反弹 行情回顾：本周医药生物指数上涨4.4%，跑赢沪深300指数3.2个百分点，行业涨跌幅排名第6。
2024-04-23,医药行业周报：继续重点关注医药板块中的高胜率资产 04月15日-04月19日医药生物板块跑输沪深300指数，医药生物板块全周下跌1.67%，沪深300指数全周上涨1.89%。 2024年市场风格迎来一定程度的变化，聚焦于医药板块，一方面我们继续建议重点关注创新主线方向
2024-04-21,北交所策略专题报告：北交所周观察-“920”代码号段正式启用，北交所“新时代”来临 北交所“920”代码号段正式启用，北交所“新时代”来临 从时间脉络来看，半年时间顺利推出920新号码号段功能。
2024-04-20,医药行业周报：持续关注底部个股 行情回顾：本周医药生物指数下跌1.7%，跑输沪深300指数3.6个百分点，行业涨跌幅排名第19。
2024-04-16,北交所定期报告（24W15）：北证50指数环比下行，本周1家公司完成上市辅导验收
2024-04-15,医药行业周报：药械领域落地支持政策，继续推荐创新+高胜率资产 04月01日-04月05日医药生物板块跑输沪深300指数，医药生物板块全周上涨0.41%，沪深300指数全周上涨0.86%。 近期，药械领域支持政策相继出台。
2024-04-14,新药周观点：AACR2024闭幕，国产ADC药物方兴未艾 本周新药行情回顾： 2024年4月8日-2024年4月12日，新药板块涨幅前5企业：华领医药（20.77%），云顶新耀（19.68%），乐普生物（15.36%），康宁杰瑞（12.71%），和黄医药（10.71%）。
2024-04-13,医药行业周报：建议布局医药底部个股 投资要点 行情回顾：本周医药生物指数下跌3.0%，跑输沪深300指数0.5个百分点，行业涨跌幅排名第18。
2024-04-08,医药行业周报：脑机接口进展频现，继续推荐创新+高胜率资产 投资要点 04月01日-04月05日医药生物板块跑输沪深300指数，医药生物板块全周上涨0.41%，沪深300指数全周上涨0.86%。 我国脑接机口研究正加快国产替代与自主创新步伐。
2024-04-07,医药行业2024年4月投资月报：关注医药三大方向 行情回顾：2024年1-3月，申万医药指数下跌12.08%，跑输沪深300指数15.2pp，年初以来医药行业涨跌幅排名第32。
2024-04-05,医药行业周报：胰岛素续约政策逐步温和化 行情回顾：本周医药生物指数上涨0.6%，跑输沪深300指数0.3个百分点，行业涨跌幅排名第21。
2024-04-01,医药2024年04月投资月报：短期关注业绩+产业进展，继续推荐创新+高胜率资产 2024年03月大盘上涨，沪深300指数全月上涨0.61%，中信医药指数全月下跌2.17%，跑输沪深300指数。 
2024-03-30,医药行业周报：持续看好AI医疗方向和底部个股 行情回顾：本周医药生物指数下跌2.3%，跑输沪深300指数2.1个百分点，行业涨跌幅排名第26。2024年初以来至今，医药行业下跌12.1%，跑输沪深300指数15.2个百分点，行业涨跌幅排名第32。
2024-03-29,北交所专题报告：医药行业蓄势待发，寻找北交所优质企业 全球药物使用与支出持续增长。医药行业是维护全球健康的关键，药品和疫苗对提高人类寿命和生活质量起着至关重要的作用。人类通过不断的研究和技术创新，推动了医疗科学的进步。
2024-03-26,医药行业周报：AI多维度赋能医药产业，继续关注创新+高胜率资产 03月18日-03月22日医药生物板块跑输沪深300指数，医药生物板块全周下跌2.18%，沪深300指数全周下跌0.70%。 AI领域发展近期备受关注，AI在医疗领域的应用充满巨大潜力。
2024-03-24,市场情绪监控周报：本周热度变化最大行业为综合、农林牧渔 本周市场热度跟踪 本周宽基热度变化方面：热度变化率最大的为中证1000，相比上周提高9.23%，最小的为沪深300，相比上周降低8.75%。
2024-03-23,医药行业周报：关注AI医疗方向 行情回顾：本周医药生物指数下跌2.13%，跑输沪深300指数1.43个百分点，行业涨跌幅排名第31。2024年初以来至今，医药行业下跌9.99%，跑输沪深300指数13.31个百分点，行业涨跌幅排名第32。
2024-03-20,北交所策略专题报告：新质生产力燃升北交所，龙头标的全解析 新质生产力为经济发展重点，北交所是新兴行业中小企业培育优选融资市场 政府工作报告中提出，大力推进现代化产业体系建设，加快发展新质生产力。此次新质生产力产业链主要包括智能网联新能源汽车、氢能、新材料、创新药、生物制造、商业航天
2024-03-19,北交所首次覆盖报告：药物创制平台专精特新企业，期待多款口崩制剂新品 公司情况：药品创制平台专精特新企业，注重CMC/CMO业务 星昊医药专注新药和仿制药的研究与商业化，聚焦于自身核心技术产业化的CMC/CMO一体化服务，根据业绩快报，2023年星昊医药的营收为7.18亿元，同比增加18.20%，
2024-03-18,医药行业周报：产业趋势持续向好，创新药领域进展不断 03月11日-03月15日医药生物板块跑赢沪深300指数，医药生物板块全周上涨4.62%，沪深300指数全周上涨0.71%。 近年国产创新药品种的licenseout持续加速，真正具备全球疗效差异化的品种商业化路径清晰。
2024-03-16,医药行业周报：创新药热度提升，持续看好 行情回顾：本周医药生物指数上涨4.6%，跑赢沪深300指数3.89个百分点，行业涨跌幅排名第7。2024年初以来至今，医药行业下跌8.03%，跑输沪深300指数12.07个百分点，行业涨跌幅排名第30。
2024-03-11,医药行业周报：关注医药板块中高胜率资产，创新仍是主线方向 03月04日-03月08日医药生物板块跑输沪深300指数，医药生物板块全周下跌2.18%，沪深300指数全周上涨0.20%。 大波动后市场风格迎来重塑，以高ROE/ROA/ROIC、高净利润增速/营收增速、高分红等为代表的高胜率资产
2024-03-10,2023年北交所业绩快报全梳理：见微知著 北证业绩快报全部披露，年报业绩风险释放。截止到2024年2月29日，北证和科创板均已经全员披露业绩快报。北交所23年业绩风险释放，市场关注点转向2024年业绩预期。 
2024-03-09,医药行业周报：持续看好医药三大方向 行情回顾：本周医药生物指数下跌2.24%，跑输沪深300指数2.44个百分点，行业涨跌幅排名第28。2024年初以来至今，医药行业下跌12.07%，跑输沪深300指数15.38个百分点，行业涨跌幅排名第31。
2024-03-07,医药行业2024年3月投资月报：看好创新药、医疗器械、医药高股息公司 行情回顾：2023年全年，申万医药指数下跌7.1%，跑赢沪深300指数4.3%，2023年医药行业涨跌幅排名第16。2024年2月申万医药指数上涨10.5%，跑赢沪深300指数1.15%，月初以来行业涨跌幅排名第9。
2024-03-05,医药2024年03月投资月报：业绩披露期渐近，继续关注创新+业绩估值高性价比两个方向 投资要点 2024年02月大盘上涨，沪深300指数全月上涨9.35%，中信医药指数全月上涨10.59%，跑赢沪深300指数。 2024年初至今，医药板块走势在全市场各细分行业中排名靠后，估值和机构持仓回落至历史低位水平。
2024-03-04,北交所研究月报：扩容继续推进，行情边际回暖 整体情况：（1）截至2/29，北交所共有244家上市公司，总市值为0.39万亿元。（2）北交所上市企业中制造、消费、科技占比大，“专精特新”属性突出。
2024-03-03,医药生物行业跟踪周报：IVD领域多因素共振，重点推荐新产业、安图生物等 本周、年初至今医药指数涨幅分别为1.72%、-10.05%，相对沪指的超额收益分别为0.34%、-13.16%；本周生物制品、化药及器械等股价涨幅较大，医药商业、中药及医疗服务等股价涨幅较小
2024-03-02,医药生物3月月报：把握弹性、兼顾红利；重点布局Q1业绩 2月回顾：触底反弹，坚定看好2024年医药行情。2024年2月医药生物板块上涨10.50%，同期沪深300上涨9.35%，医药板块跑赢沪深300约1.15%，位列31个子行业第9位。
2024-02-26,医药行业周报：创新药行业保持快速发展趋势，继续关注创新+业绩估值高性价比两个方向 02月19日-02月23日医药生物板块跑输大盘，医药生物板块全周上涨2.09%，沪深300指数全周上涨3.71%。 进入2024年，医药板块估值和机构持仓回落至历史低位水平。
2024-02-25,医药行业周报：创新药行业保持快速发展趋势，继续关注创新+业绩估值高性价比两个方向 02月19日-02月23日医药生物板块跑输大盘，医药生物板块全周上涨2.09%，沪深300指数全周上涨3.71%。 进入2024年，医药板块估值和机构持仓回落至历史低位水平。
2024-02-23,解构北交所专题（五）：北交所精选标的（中）打造北交所“一揽子“值得关注标的。截至2024年2月20日，我们在北交所244支个股中，综合企业所处赛道、行业趋势、竞争格局、公司竞争优势、财务指标、未来发展前景初步研判，筛选出120余支值得关注的北交所标的。
2024-02-18,医药生物行业周报：从跌幅和反弹幅度梳理医药板块可能性机会 节前一周，万得全A走出V型反弹，反弹节奏传递从A50及沪深300，逐步向中证500、中证1000传递，在上周后面传递到中证2000，医药指数走势和市场类似，具体节奏和市场类似。暂无明显产业逻辑驱动的细分表现。反弹过程中，除了上述市场驱动特征，低PE低PB、超跌辨识度表现有一定超额。
2024-02-17,北交所策略专题报告：北交所周观察-推出85项举措提升上市公司质量，就可持续发展披露指 制定推动提高上市公司质量行动方案，就可持续发展披露指引公开征求意见 继近期发布关于开展北交所股票启用新证券代码号段仿真测试通知之后，北交所政策改革继续落地，2024年2月6日发布《推动提高北交所上市公司质量行动方案》。
2024-02-06,医药2024年02月投资月报：医药当前具备较好弹性，建议关注创新+业绩估值高性价比两个方 2024年01月沪深300指数全月下跌6.29%，中信医药指数跑输大盘，全月下跌18.53%。 2024年01月底，A股迎来业绩预告高峰期，总结来看虽然2023年四季度医药行业仍存在多项因素的扰动，但总体上业绩符合预期
2024-02-04,医药生物行业周报：关注业绩优良标的 关注受益于银发经济的贴膏行业 老龄化催化贴膏市场规模扩大。中成药贴膏占比大，化药贴膏增速快。疼痛管理有望成为透皮给药系统市场增长最快的应用领域。慢性疼痛治疗渗透率低，疼痛潜在市场发展空间广阔。
2024-01-31,医药行业周报：短期扰动因素不影响板块逻辑，医药当前具备较好弹性 01月22日-01月26日医药生物板块跑输大盘，医药生物板块全周下跌2.73%，沪深300指数全周上涨1.96%。 随着近期板块持续调整，我们认为当前板块具备较好弹性，短期扰动因素不影响板块逻辑。
2024-01-28,北交所策略专题报告：2023年北交所主题基金全部实现正收益，Q4持仓出现较多新面孔 2023年北交所主题基金产品全部实现正收益，Q4持仓出现较多新面孔 截至2024年1月23日，11家北交所主题基金全部公布2023年度四季报，11家基金总规模达33.51亿元。
2024-01-23,医药行业周报：继续看好医药板块国际化主线 01月15日-01月19日医药生物板块跑输大盘，医药生物板块全周下跌2.98%，沪深300指数全周下跌0.44%。 1月16日微电生理的第四代Columbus三维心脏电生理标测系统获欧盟MDR认证，进入欧盟市场销售。
2024-01-22,医药生物行业周报：调整后各细分板块特色标的24年最新估值情况 一、当周（1.15-1.19）回顾与周专题： 当周（1.15-1.19）申万医药指数环比-3.09%，涨跌幅列全行业第15位，跑输创业板指数，跑输沪深300指数
2024-01-21,医药生物行业报告：医药板块业绩稳中向好，积极布局出海、刚需方向 投资要点 医药板块在2024年疫情影响出清后，业绩稳中向好，一季度重点关注出海及刚需属性的器械设备及低值耗材、综合医疗服务、零售药店等板块。 本周医疗设备板块下跌2.13%，主要系院内设备采购仍受反腐一定影响，国家政策支持银发经济加速发展，医药领域多板块有望受益举措
