日期,开盘,收盘,最高,最低,成交量,成交额
2012-12-17,9.0,9.0,9.0,9.0,6000,5400000.0
2013-12-03,11.26,11.26,11.26,11.26,17326,19509300.0
2014-01-03,11.0,11.0,11.0,11.0,3000,3300000.0
2014-08-15,15.5,20.13,30.0,15.5,40,80500.0
2014-08-20,38.0,38.0,38.0,38.0,10,38000.0
2014-08-25,39.0,39.0,39.0,39.0,30,117000.0
2014-08-28,0.01,20.01,40.0,0.01,20,40010.0
2014-09-12,10.06,10.06,10.06,10.06,10,10060.0
2014-09-15,5.04,5.04,5.04,5.04,10,5040.0
2014-09-17,2.55,2.55,2.55,2.55,10,2550.0
2014-09-25,2.55,2.55,2.55,2.55,10,2550.0
2014-10-23,40.0,40.0,40.0,40.0,10,40000.0
2014-10-24,39.98,39.98,39.98,39.98,10,39980.0
2015-03-31,55.0,56.33,58.0,55.0,30,169000.0
2015-04-01,60.0,60.75,62.0,60.0,40,243000.0
2015-04-03,65.0,65.0,65.0,65.0,20,130000.0
2015-06-19,24.0,24.0,24.0,24.0,10000,24000000.0
2015-06-26,24.0,24.0,24.0,24.0,13750,33000000.0
2015-06-29,24.0,24.0,24.0,24.0,10,24000.0
2015-07-01,24.0,24.0,24.0,24.0,500,1200000.0
2015-07-02,24.0,24.0,24.0,24.0,5750,13800000.0
2015-07-08,24.0,24.14,25.0,24.0,70,169000.0
2015-07-10,28.0,24.02,28.0,24.0,2010,4828000.0
2015-07-22,26.0,26.0,26.0,26.0,10,26000.0
2015-08-06,30.0,30.0,30.0,30.0,10,30000.0
2015-09-21,21.6,21.6,21.6,21.6,2000,4320000.0
2015-10-27,25.0,25.0,25.0,25.0,10,25000.0
2015-10-28,25.0,24.14,25.0,24.0,70,169000.0
2015-10-30,25.0,25.0,25.0,25.0,20,50000.0
2015-11-03,24.5,24.5,24.5,24.5,20,49000.0
2015-11-06,24.0,23.03,25.0,22.0,1540,3547000.0
2015-11-09,32.0,32.0,32.0,32.0,10,32000.0
2015-11-10,24.8,25.16,25.5,24.8,50,125800.0
2015-11-12,28.0,28.0,28.0,28.0,10,28000.0
2015-11-13,25.5,26.0,26.0,25.5,40,103000.0
2015-11-16,26.6,26.64,27.0,26.5,80,213100.0
2015-11-17,27.5,27.5,27.5,27.5,20,55000.0
2015-11-18,28.5,28.5,28.5,28.5,30,85500.0
2015-11-20,28.0,28.0,28.0,28.0,20,56000.0
2015-11-23,28.5,29.0,29.0,28.5,390,1124700.0
2015-11-25,25.01,29.2,29.2,25.01,4540,11396340.0
2015-11-26,26.0,27.0,27.0,26.0,880,2348250.0
2015-11-27,27.77,26.66,27.77,26.0,110,291410.0
2015-11-30,26.66,26.11,26.66,25.62,50,130560.0
2015-12-01,26.0,26.1,26.66,26.0,190,495870.0
2015-12-02,29.0,27.75,29.0,26.5,20,55500.0
2015-12-03,28.0,26.04,28.0,26.0,180,473600.0
2015-12-04,27.77,27.77,27.77,27.77,10,27770.0
2015-12-09,27.77,27.77,27.77,27.77,10,27770.0
2015-12-11,26.0,26.2,26.4,26.0,60,157200.0
2015-12-16,26.2,26.2,26.2,26.2,20,52400.0
2015-12-18,29.0,29.0,29.0,29.0,10,29000.0
2015-12-22,26.8,26.8,26.8,26.8,150,402000.0
2015-12-24,25.9,25.9,25.9,25.9,200,518000.0
2015-12-25,25.6,25.88,25.9,25.6,240,621000.0
2015-12-28,26.0,26.0,26.0,26.0,40,104000.0
2015-12-29,26.0,25.58,26.0,25.58,50,129580.0
2015-12-30,26.0,26.0,26.0,26.0,240,624000.0
2015-12-31,26.0,26.0,26.0,26.0,10,26000.0
2016-01-06,25.7,25.7,25.7,25.7,40,102800.0
2016-01-08,27.0,27.0,27.0,27.0,30,81000.0
2016-01-11,24.99,24.99,24.99,24.99,110,274890.0
2016-01-12,24.7,26.23,27.0,24.7,40,103400.0
2016-01-13,24.0,24.0,24.0,24.0,90,216000.0
2016-01-14,23.81,23.81,23.81,23.81,30,71430.0
2016-01-15,27.1,27.1,27.1,27.1,10,27100.0
2016-01-21,22.0,24.5,27.5,22.0,30,73500.0
2016-01-22,24.3,24.3,24.3,24.3,10,24300.0
2016-01-28,22.0,25.5,25.5,22.0,80,180380.0
2016-01-29,23.0,25.6,25.6,23.0,20,48600.0
2016-02-17,22.22,25.63,25.63,22.22,80,181170.0
2016-02-23,24.0,25.65,25.65,21.8,40,93250.0
2016-02-26,25.0,24.83,25.66,24.0,50,123660.0
2016-02-29,22.6,25.5,25.5,22.0,90,203300.0
2016-03-02,24.0,24.0,24.0,24.0,40,96000.0
2016-03-03,24.0,23.83,24.0,22.0,120,286000.0
2016-03-04,25.0,24.09,25.0,24.0,110,265000.0
2016-03-07,24.5,23.23,24.5,23.23,60,140650.0
2016-03-08,25.1,23.5,25.1,23.1,180,419800.0
2016-03-09,23.5,23.2,24.5,23.05,350,814800.0
2016-03-14,24.5,24.5,24.5,24.5,460,1127000.0
2016-03-16,23.0,22.68,23.45,21.9,160,355250.0
2016-03-17,22.7,22.68,22.7,22.68,20,45380.0
2016-03-18,22.19,22.0,22.19,22.0,60,132380.0
2016-03-21,22.0,22.66,22.66,22.0,40,88660.0
2016-03-22,22.0,22.0,22.0,22.0,140,308000.0
2016-03-23,22.0,22.33,22.66,22.0,20,44660.0
2016-03-24,22.33,22.0,22.33,22.0,110,242330.0
2016-03-25,22.99,22.99,22.99,22.99,20,45980.0
2016-03-28,22.85,22.88,22.88,22.85,30,68610.0
2016-03-29,22.88,22.88,22.88,22.88,10,22880.0
2016-04-01,23.45,23.45,23.45,23.45,30,70350.0
2016-04-05,23.45,24.0,25.0,23.45,200,477650.0
2016-04-06,24.0,23.5,24.0,23.1,400,928000.0
2016-04-07,23.5,24.3,24.8,23.5,820,1929100.0
2016-04-08,24.43,24.43,24.43,24.43,40,97720.0
2016-04-11,24.44,24.63,25.0,24.44,30,73880.0
2016-04-12,25.0,24.78,25.0,24.58,140,348240.0
2016-04-13,25.0,25.24,25.88,25.0,210,529950.0
2016-04-14,25.0,25.0,25.0,25.0,10,25000.0
2016-04-15,25.0,25.8,25.88,25.0,370,943120.0
2016-04-18,25.0,25.01,25.5,25.0,430,1075690.0
2016-04-19,25.0,24.97,25.0,24.95,30,74900.0
2016-04-20,25.0,25.0,25.05,25.0,140,350060.0
2016-04-21,25.8,25.05,26.0,25.05,200,513890.0
2016-04-22,26.0,25.99,26.0,25.0,270,691800.0
2016-04-26,25.99,25.98,26.0,25.9,210,545590.0
2016-04-27,26.0,25.98,26.0,25.97,70,181850.0
2016-04-28,26.0,26.0,26.0,26.0,10,26000.0
2016-04-29,26.0,26.0,26.0,26.0,10,26000.0
2016-05-03,24.0,24.05,25.0,23.99,660,1594660.0
2016-05-04,25.0,25.0,25.0,25.0,360,900000.0
2016-05-05,24.77,24.77,24.77,24.77,40,99080.0
2016-05-06,24.0,25.0,25.0,23.5,670,1608630.0
2016-05-09,24.0,24.0,24.0,24.0,10,24000.0
2016-05-10,24.0,23.73,24.0,23.5,110,261000.0
2016-05-11,23.0,24.0,24.0,23.0,160,373620.0
2016-05-16,23.5,23.5,23.5,23.5,10,23500.0
2016-05-18,24.0,24.0,24.0,24.0,10,24000.0
2016-05-23,24.5,23.5,24.5,23.5,20,48000.0
2016-05-31,23.0,23.0,23.0,23.0,10,23000.0
2016-06-01,23.0,23.0,23.0,23.0,70,161000.0
2016-06-02,23.5,23.0,23.5,22.9,80,185400.0
2016-06-06,23.0,23.01,23.01,23.0,20,46010.0
2016-06-07,23.0,23.0,23.0,22.22,410,922830.0
2016-06-08,24.0,24.0,24.0,24.0,10,24000.0
2016-06-13,23.0,23.0,23.0,23.0,10,23000.0
2016-06-14,22.5,22.5,22.5,22.5,10,22500.0
2016-06-15,24.01,24.01,24.01,24.01,10,24010.0
2016-06-17,21.5,21.55,22.0,21.5,110,237000.0
2016-06-20,21.55,21.55,21.55,21.55,10,21550.0
2016-06-21,21.55,21.39,21.55,21.1,60,128350.0
2016-06-22,21.3,21.3,21.3,21.3,100,213000.0
2016-06-24,23.0,23.0,23.0,23.0,10,23000.0
2016-06-29,23.0,22.9,23.0,22.7,30,68700.0
2016-06-30,22.5,23.0,23.0,22.2,60,134600.0
2016-07-01,22.9,21.8,22.9,21.6,120,270340.0
2016-07-04,21.5,22.01,22.22,21.5,240,524120.0
2016-07-05,21.8,21.8,21.81,21.8,60,130810.0
2016-07-06,24.0,24.0,24.0,24.0,10,24000.0
2016-07-07,22.66,22.66,22.66,22.66,10,22660.0
2016-07-15,2.21,23.99,23.99,2.21,30,45080.0
2016-07-20,20.0,22.6,22.6,20.0,20,42600.0
2016-07-25,22.0,22.0,22.0,22.0,20,44000.0
2016-07-26,22.0,21.97,22.0,21.8,120,263800.0
2016-07-28,22.0,22.0,22.0,22.0,50,110000.0
2016-07-29,21.8,21.8,21.8,21.8,20,43600.0
2016-08-02,22.0,22.0,22.0,22.0,50,110000.0
2016-08-04,23.8,23.8,23.8,23.8,10,23800.0
2016-08-10,21.0,21.0,21.0,21.0,30,63000.0
2016-08-12,23.01,23.01,23.01,23.01,10,23010.0
2016-08-15,21.5,21.55,21.55,21.5,30,64550.0
2016-08-17,21.0,21.0,21.0,21.0,20,42000.0
2016-08-24,23.0,22.5,23.0,22.0,20,45000.0
2016-08-26,21.0,21.0,21.0,21.0,10,21000.0
2016-08-29,21.0,21.0,21.0,21.0,10,21000.0
2016-08-31,21.0,21.0,21.0,21.0,10,21000.0
2016-09-01,21.0,21.0,21.0,21.0,10,21000.0
2016-09-02,23.01,23.01,23.01,23.01,10,23010.0
2016-09-13,21.0,21.0,21.0,21.0,10,21000.0
2016-09-19,20.0,21.4,21.8,20.0,30,62800.0
2016-09-20,21.0,21.0,21.0,21.0,20,42000.0
2016-09-21,21.0,21.0,21.0,21.0,20,42000.0
2016-09-26,18.88,18.88,18.88,18.88,10,18880.0
2016-09-27,20.0,20.0,20.0,20.0,60,120000.0
2016-09-29,18.88,18.88,18.88,18.88,10,18880.0
2016-09-30,18.99,18.98,19.0,18.88,90,170800.0
2016-10-10,20.0,20.0,20.0,20.0,20,40000.0
2016-10-11,20.0,20.0,20.0,20.0,10,20000.0
2016-10-12,20.0,20.0,20.0,20.0,40,80000.0
2016-10-13,20.0,19.5,20.0,19.5,40,79000.0
2016-10-14,19.5,19.69,20.0,19.5,70,137800.0
2016-10-17,20.0,20.0,20.0,20.0,20,40000.0
2016-10-18,20.0,20.0,20.0,20.0,20,40000.0
2016-10-20,22.0,22.0,22.0,22.0,10,22000.0
2016-10-21,20.0,20.0,20.0,20.0,40,80000.0
2016-10-24,20.2,20.2,20.2,20.2,10,20200.0
2016-10-25,19.5,19.5,19.5,19.5,20,39000.0
2016-10-26,20.5,20.5,20.5,20.5,10,20500.0
2016-10-28,20.0,20.0,20.0,20.0,10,20000.0
2016-10-31,19.0,19.0,19.0,19.0,10,19000.0
2016-11-02,19.5,19.33,19.5,19.0,30,58000.0
2016-11-03,19.0,19.0,19.0,19.0,20,38000.0
2016-11-04,18.18,18.16,18.18,18.0,110,199800.0
2016-11-07,20.0,18.54,20.0,18.5,90,168280.0
2016-11-08,19.88,19.88,19.88,19.88,10,19880.0
2016-11-09,20.01,20.01,20.01,20.01,10,20010.0
2016-11-14,18.0,17.83,18.28,17.77,440,786040.0
2016-11-15,19.5,19.5,19.5,19.5,10,19500.0
2016-11-16,17.0,17.7,17.7,17.0,170,293900.0
2016-11-17,18.0,17.5,18.0,17.5,110,195280.0
2016-11-18,17.5,17.5,17.5,17.5,60,105000.0
2016-11-22,17.1,17.0,17.1,17.0,350,595160.0
2016-11-23,16.9,16.82,16.9,16.8,60,100900.0
2016-11-25,17.77,17.77,17.77,17.77,10,17770.0
2016-11-28,16.8,16.98,17.0,16.8,90,152800.0
2016-11-29,17.0,17.0,17.0,17.0,10,17000.0
2016-12-01,17.0,17.01,17.1,17.0,200,340100.0
2016-12-06,17.01,17.01,17.01,17.01,10,17010.0
2016-12-07,17.8,17.8,17.8,17.8,10,17800.0
2016-12-08,16.8,17.47,17.8,16.8,30,52400.0
2016-12-09,18.0,18.0,18.0,18.0,30,54000.0
2016-12-20,17.8,17.8,17.8,17.8,70,124600.0
2016-12-21,17.5,17.5,17.5,17.43,570,996800.0
2016-12-22,17.6,17.6,17.6,17.6,50,88000.0
2016-12-30,22.0,20.4,22.0,20.0,50,102000.0
2017-01-03,20.0,20.0,20.0,20.0,20,40000.0
2017-01-04,20.0,20.0,20.0,20.0,10,20000.0
2017-01-09,20.0,18.5,20.0,17.0,20,37000.0
2017-01-11,18.0,18.18,18.18,18.0,50,90720.0
2017-01-12,19.9,19.9,19.9,19.9,10,19900.0
2017-02-17,18.5,18.5,18.5,18.5,20,37000.0
2017-03-01,18.0,18.0,18.0,18.0,30,54000.0
2017-03-06,18.5,18.5,18.5,18.5,50,92500.0
2017-03-08,19.1,19.1,19.1,19.1,40,76400.0
2017-03-16,19.5,19.5,19.5,19.5,10,19500.0
2017-03-22,19.8,19.8,19.8,19.8,10,19800.0
2017-03-27,19.8,19.74,19.8,19.71,30,59220.0
2017-03-31,19.7,19.7,19.7,19.7,10,19700.0
2017-04-06,20.0,18.75,20.0,17.5,20,37500.0
2017-04-11,19.06,19.06,19.06,19.06,60,114360.0
2017-04-13,19.0,19.0,19.0,19.0,10,19000.0
2017-04-28,16.0,16.0,16.0,13.33,270,427830.0
2017-05-02,16.0,16.0,16.0,16.0,10,16000.0
2017-05-04,16.0,16.0,16.0,16.0,70,112000.0
2017-05-05,16.0,16.0,16.3,16.0,160,256500.0
2017-05-08,16.0,16.0,16.0,16.0,20,32000.0
2017-05-09,16.0,16.0,16.0,16.0,90,144000.0
2017-05-10,16.0,16.0,16.0,16.0,30,48000.0
2017-05-15,32.0,32.0,32.0,32.0,500,1600000.0
2017-05-17,44.0,44.0,44.0,44.0,9000,39600000.0
2017-05-18,44.0,44.0,44.0,44.0,1800,7920000.0
2017-05-25,22.0,22.0,22.0,22.0,10,22000.0
2017-06-01,16.0,16.0,16.0,16.0,210,336000.0
2017-06-08,15.8,15.8,15.8,15.8,10,15800.0
2017-06-12,15.0,15.0,15.0,15.0,70,105000.0
2017-06-13,15.0,15.0,15.0,15.0,60,90000.0
2017-06-22,14.8,14.8,14.8,14.8,10,14800.0
2017-06-23,14.0,14.0,14.0,14.0,10,14000.0
2017-06-26,14.8,14.8,14.8,14.8,20,29600.0
2017-06-27,14.8,14.8,14.8,14.8,10,14800.0
2017-06-30,14.8,14.8,14.8,14.8,180,266400.0
2017-07-03,14.8,14.8,14.8,14.8,120,177600.0
2017-07-05,14.0,14.0,14.0,14.0,10,14000.0
2017-07-07,14.0,14.0,14.0,14.0,30,42000.0
2017-07-10,14.0,14.0,14.0,14.0,40,56000.0
2017-07-11,18.0,18.0,18.0,18.0,10,18000.0
2017-07-13,20.0,19.28,20.0,14.0,250,482000.0
2017-07-20,13.0,13.0,13.0,13.0,20,26000.0
2017-07-21,13.0,13.05,13.1,13.0,170,221880.0
2017-07-26,13.9,13.9,13.9,13.9,10,13900.0
2017-08-04,13.1,13.1,13.1,13.1,20,26200.0
2017-08-07,13.5,13.31,13.5,13.0,80,106500.0
2017-08-09,13.1,13.0,13.1,13.0,530,689200.0
2017-08-17,12.88,12.88,12.88,12.88,10,12880.0
2017-08-18,12.88,12.88,12.88,12.88,10,12880.0
2017-08-21,11.0,11.0,11.0,11.0,70,77000.0
2017-08-29,12.3,12.3,12.3,12.3,10,12300.0
2017-09-01,12.0,12.0,12.01,12.0,140,168010.0
2017-09-07,12.1,12.92,13.0,12.1,110,142100.0
2017-09-20,12.0,11.31,12.0,11.0,140,159000.0
2017-09-21,15.0,15.0,15.0,15.0,10,15000.0
2017-09-22,11.01,11.0,11.01,11.0,30,33010.0
2017-09-27,11.0,11.0,11.0,11.0,20,22000.0
2017-09-28,11.0,11.0,11.0,11.0,40,44000.0
2017-10-09,11.0,11.0,11.0,11.0,120,132000.0
2017-10-10,15.0,13.75,15.0,12.5,20,27500.0
2017-10-11,11.0,11.0,11.0,11.0,100,110000.0
2017-10-12,11.0,11.0,11.0,11.0,20,22000.0
2017-10-16,10.0,10.67,11.0,10.0,30,32000.0
2017-10-17,10.88,10.88,10.88,10.88,20,21760.0
2017-10-18,10.88,10.88,10.88,10.88,30,32640.0
2017-10-19,10.58,10.08,10.58,10.08,720,735120.0
2017-10-20,10.48,10.48,10.48,10.48,10,10480.0
2017-10-23,10.0,10.68,10.68,10.0,50,50680.0
2017-10-24,10.68,10.68,10.68,10.68,10,10680.0
2017-10-25,10.2,10.2,10.2,10.2,10,10200.0
2017-10-27,10.2,10.2,10.2,10.2,10,10200.0
2017-10-31,11.9,11.9,11.9,11.9,10,11900.0
2017-11-02,10.38,10.5,10.5,10.38,110,114900.0
2017-11-03,10.5,10.5,10.5,10.5,20,21000.0
2017-11-07,10.68,10.68,10.68,10.68,60,64080.0
2017-11-22,10.5,10.5,10.5,10.5,70,73500.0
2017-11-23,10.5,10.5,10.5,10.5,10,10500.0
2017-12-14,10.6,10.6,10.6,10.6,10,10600.0
2017-12-22,10.6,10.6,10.6,10.6,10,10600.0
2017-12-29,16.0,16.0,16.0,16.0,10,16000.0
2018-01-04,32.0,32.0,32.0,32.0,10,32000.0
2018-01-12,16.0,16.0,16.0,16.0,10,16000.0
2018-04-20,10.0,10.0,10.0,10.0,30,30000.0
2018-05-02,8.2,8.2,8.2,8.2,20,16400.0
2018-05-11,8.37,8.37,8.37,8.37,60,50220.0
2018-05-14,8.9,8.9,8.9,8.9,50,44500.0
2018-05-23,8.27,8.27,8.27,8.27,10,8270.0
2018-06-28,8.18,8.18,8.18,8.18,60,49080.0
2018-07-02,8.75,8.75,8.75,8.75,10,8750.0
2018-07-05,8.0,8.0,8.0,8.0,10,8000.0
2018-07-16,7.9,7.9,7.9,7.9,30,23700.0
2018-07-17,8.0,8.0,8.0,8.0,20,16000.0
2018-08-10,8.03,8.03,8.03,8.03,10,8030.0
2018-09-18,7.38,7.38,7.38,7.38,60,44280.0
2018-10-25,7.0,7.0,7.0,7.0,100,70000.0
2018-12-25,7.3,7.3,7.3,7.3,120,87600.0
2018-12-26,7.21,7.21,7.21,7.21,10,7210.0
2019-04-11,9.0,9.0,9.0,9.0,50,45000.0
2019-04-12,8.8,8.8,8.8,8.8,500,440000.0
2019-04-15,8.88,8.88,8.88,8.88,140,124320.0
2019-04-16,8.94,8.94,8.94,8.94,1920,1716480.0
2019-04-17,10.0,10.0,10.0,10.0,1700,1508000.0
2019-04-19,10.16,10.16,10.16,10.16,10,10160.0
2019-04-24,11.55,11.55,11.55,11.55,10,11550.0
2019-04-25,11.54,11.54,11.54,11.54,10,11540.0
2019-04-26,11.55,11.55,11.55,11.55,20,23100.0
2019-04-29,11.53,11.53,11.53,11.53,40,46120.0
2019-04-30,11.15,11.15,11.15,11.15,10,11150.0
2019-05-06,11.13,11.13,11.13,11.13,150,166950.0
2019-05-09,11.18,11.18,11.18,11.18,20,22360.0
2019-05-10,11.18,11.18,11.18,11.18,10,11180.0
2019-05-14,11.18,11.18,11.18,11.18,60,67080.0
2019-05-15,11.58,11.58,11.58,11.58,180,208440.0
2019-05-16,11.78,11.78,11.78,11.78,100,117800.0
2019-05-17,10.8,10.8,10.8,10.8,20,21600.0
2019-05-20,11.0,11.0,11.0,11.0,60,66000.0
2019-05-21,11.09,11.09,11.09,11.09,20,22180.0
2019-05-23,11.0,11.0,11.0,11.0,250,275000.0
2019-05-27,11.0,11.0,11.0,11.0,60,66000.0
2019-05-29,10.8,10.8,10.8,10.8,90,97200.0
2019-05-31,10.5,10.5,10.5,10.5,10,10500.0
2019-06-06,10.5,10.5,10.5,10.5,3380,1881300.0
2019-06-11,10.45,10.45,10.45,10.45,20,20900.0
2019-06-12,10.39,10.39,10.39,10.39,30,31170.0
2019-06-17,10.35,10.35,10.35,10.35,10,10350.0
2019-06-18,10.2,10.2,10.2,10.2,20,20400.0
2019-06-19,10.2,10.2,10.2,10.2,30,30600.0
2019-06-20,10.18,10.18,10.18,10.18,200,203600.0
2019-06-21,10.11,10.11,10.11,10.11,190,192090.0
2019-06-24,10.09,10.09,10.09,10.09,30,30270.0
2019-06-27,10.0,10.0,10.0,10.0,20,20000.0
2019-06-28,9.86,9.86,9.86,9.86,30,29580.0
2019-07-02,10.2,10.2,10.2,10.2,10,10200.0
2019-07-03,10.18,10.18,10.18,10.18,60,61080.0
2019-07-04,10.21,10.21,10.21,10.21,190,193990.0
2019-07-05,10.21,10.21,10.21,10.21,20,20420.0
2019-07-08,10.21,10.21,10.21,10.21,80,81680.0
2019-07-10,10.21,10.21,10.21,10.21,30,30630.0
2019-07-15,8.88,8.88,8.88,8.88,20,17760.0
2019-07-17,9.44,9.44,9.44,9.44,10,9440.0
2019-07-18,9.45,9.45,9.45,9.45,10,9450.0
2019-07-23,10.0,10.0,10.0,10.0,10,10000.0
2019-07-24,10.01,10.01,10.01,10.01,120,120120.0
2019-07-25,10.04,10.04,10.04,10.04,60,60240.0
2019-07-29,10.39,10.39,10.39,10.39,30,31170.0
2019-07-30,10.11,10.11,10.11,10.11,120,121320.0
2019-07-31,10.14,10.14,10.14,10.14,50,50700.0
2019-08-05,10.8,10.8,10.8,10.8,70,75600.0
2019-08-07,10.5,10.5,10.5,10.5,90,94500.0
2019-08-08,10.78,10.78,10.78,10.78,40,43120.0
2019-08-09,10.68,10.68,10.68,10.68,110,117480.0
2019-08-12,10.68,10.68,10.68,10.68,170,181560.0
2019-08-13,10.39,10.39,10.39,10.39,20,20780.0
2019-08-14,10.3,10.3,10.3,10.3,40,41200.0
2019-08-19,10.27,10.27,10.27,10.27,100,102700.0
2019-08-20,10.23,10.23,10.23,10.23,10,10230.0
2019-08-21,10.19,10.19,10.19,10.19,20,20380.0
2019-08-22,10.19,10.19,10.19,10.19,10,10190.0
2019-08-27,10.18,10.18,10.18,10.18,10,10180.0
2019-08-28,10.13,10.13,10.13,10.13,40,40520.0
2019-08-29,10.15,10.15,10.15,10.15,20,20300.0
2019-08-30,10.12,10.12,10.12,10.12,10,10120.0
2019-09-03,10.13,10.13,10.13,10.13,550,557150.0
2019-09-04,10.23,10.23,10.23,10.23,50,51150.0
2019-09-05,10.4,10.4,10.4,10.4,20,20800.0
2019-09-09,10.51,10.51,10.51,10.51,50,52550.0
2019-09-11,10.88,10.88,10.88,10.88,40,43520.0
2019-09-12,10.58,10.58,10.58,10.58,200,211600.0
2019-09-16,10.63,10.63,10.63,10.63,100,106300.0
2019-09-17,10.82,10.82,10.82,10.82,20,21640.0
2019-09-18,11.1,11.1,11.1,11.1,50,55500.0
2019-09-19,11.67,11.67,11.67,11.67,100,116700.0
2019-09-20,12.01,12.01,12.01,12.01,160,192160.0
2019-09-23,12.21,12.21,12.21,12.21,70,85470.0
2019-09-24,12.26,12.26,12.26,12.26,140,171640.0
2019-09-25,12.26,12.26,12.26,12.26,400,490400.0
2019-09-26,12.38,12.38,12.38,12.38,100,123800.0
2019-09-27,12.86,12.86,12.86,12.86,70,90020.0
2019-09-30,12.76,12.76,12.76,12.76,3020,2065520.0
2019-10-08,12.69,12.69,12.69,12.69,10,12690.0
2019-10-09,12.59,12.59,12.59,12.59,40,50360.0
2019-10-10,12.57,12.57,12.57,12.57,120,150840.0
2019-10-14,12.25,12.25,12.25,12.25,10,12250.0
2019-10-16,12.26,12.26,12.26,12.26,20,24520.0
2019-10-17,12.0,12.0,12.0,12.0,140,168000.0
2019-10-18,12.0,12.0,12.0,12.0,190,228000.0
2019-10-21,12.01,12.01,12.01,12.01,30,36030.0
2019-10-24,12.11,12.11,12.11,12.11,120,145320.0
2019-10-25,12.35,12.35,12.35,12.35,20,24700.0
2019-10-28,12.87,12.87,12.87,12.87,150,193050.0
2019-10-29,12.41,12.41,12.41,12.41,2130,1588410.0
2019-10-30,12.41,12.41,12.41,12.41,590,732190.0
2019-10-31,12.75,12.75,12.75,12.75,40,51000.0
2019-11-01,12.75,12.75,12.75,12.75,310,395250.0
2019-11-05,13.0,13.0,13.0,13.0,10,13000.0
2019-11-06,13.1,13.1,13.1,13.1,100,131000.0
2019-11-08,13.13,13.13,13.13,13.13,20,26260.0
2019-11-11,13.13,13.13,13.13,13.13,10,13130.0
2019-11-12,13.18,13.18,13.18,13.18,20,26360.0
2019-11-13,13.18,13.18,13.18,13.18,150,197700.0
2019-11-15,13.22,13.22,13.22,13.22,290,383380.0
2019-11-19,13.22,13.22,13.22,13.22,210,277620.0
2019-11-20,13.7,13.7,13.7,13.7,110,150700.0
2019-11-21,13.7,13.7,13.7,13.7,210,287700.0
2019-11-22,13.22,13.22,13.22,13.22,10,13220.0
2019-11-25,13.7,13.7,13.7,13.7,200,274000.0
2019-11-27,13.7,13.7,13.7,13.7,340,465800.0
2019-11-28,13.7,13.7,13.7,13.7,610,835700.0
2019-11-29,13.71,13.71,13.71,13.71,600,822600.0
2019-12-04,13.72,13.72,13.72,13.72,400,548800.0
2019-12-05,13.99,13.99,13.99,13.99,310,433690.0
2019-12-06,14.2,14.2,14.2,14.2,550,781000.0
2019-12-09,14.2,14.2,14.2,14.2,520,738400.0
2019-12-11,13.51,13.51,13.51,13.51,10,13510.0
2019-12-12,13.0,13.0,13.0,13.0,90,117000.0
2019-12-13,13.5,13.5,13.5,13.5,40,54000.0
2019-12-16,13.99,13.99,13.99,13.99,340,475660.0
2019-12-17,14.0,14.0,14.0,14.0,1710,1496880.0
2019-12-18,14.09,14.09,14.09,14.09,1940,1815790.0
2019-12-20,14.0,14.0,14.0,14.0,130,182000.0
2019-12-23,14.0,14.0,14.0,14.0,100,140000.0
2019-12-25,13.99,13.99,13.99,13.99,50,69950.0
2019-12-27,13.98,13.98,13.98,13.98,8360,5893880.0
2019-12-30,13.98,13.98,13.98,13.98,190,265620.0
2019-12-31,13.98,13.99,13.99,13.98,80,111870.0
2020-01-02,13.95,13.94,13.95,13.94,310,432350.0
2020-01-03,13.9,13.84,13.9,13.84,50,69430.0
2020-01-06,13.8,13.86,13.86,13.8,240,332340.0
2020-01-07,13.8,13.8,13.8,13.79,480,662390.0
2020-01-08,13.9,13.8,13.9,13.8,370,511300.0
2020-01-09,13.8,13.8,13.8,13.8,100,138000.0
2020-01-13,13.75,13.8,13.8,13.75,770,1059150.0
2020-01-14,13.76,13.78,13.78,13.76,610,839980.0
2020-01-15,13.79,14.65,14.65,13.79,2590,3720430.0
2020-01-16,14.66,14.7,14.7,14.66,1350,1982010.0
2020-01-17,14.71,14.71,14.75,14.71,330,485830.0
2020-01-21,14.25,14.25,14.25,14.25,20,28500.0
2020-01-22,14.25,14.8,14.8,14.25,920,1332000.0
2020-01-23,14.8,14.98,14.98,14.8,320,473960.0
2020-02-04,14.98,14.98,14.98,14.98,480,719040.0
2020-02-05,14.98,14.98,14.98,14.98,190,284620.0
2020-02-06,14.98,14.98,14.98,14.98,10,14980.0
2020-02-12,14.21,14.21,14.21,14.21,60,85260.0
2020-02-17,14.87,14.88,14.88,14.87,30,44620.0
2020-02-20,14.5,14.47,14.5,14.47,970,1404340.0
2020-02-21,14.48,14.48,14.48,14.48,100,144800.0
2020-02-24,14.47,14.47,14.47,14.47,10,14470.0
2020-02-26,14.51,14.79,14.79,14.51,20,29300.0
2020-02-27,14.88,14.88,14.88,14.88,230,342240.0
2020-02-28,14.53,14.5,14.53,14.5,70,101530.0
2020-03-06,14.7,14.69,14.7,14.61,180,264440.0
2020-03-09,14.7,14.87,14.87,14.7,430,638900.0
2020-03-10,14.89,14.89,14.89,14.89,50,74450.0
2020-03-11,14.89,14.98,14.98,14.89,280,419260.0
2020-03-16,15.03,15.05,15.05,15.03,430,647010.0
2020-03-17,14.21,15.0,15.0,14.21,20,29210.0
2020-03-18,14.99,15.0,15.0,14.99,520,779890.0
2020-03-19,14.01,14.0,14.01,14.0,2600,3641200.0
2020-03-20,14.0,14.0,14.0,13.5,1220,1707500.0
2020-03-24,13.51,13.53,13.53,13.51,100,135260.0
2020-03-25,13.6,13.6,13.6,13.6,50,68000.0
2020-03-27,14.0,13.99,14.56,13.99,400,577890.0
2020-03-30,14.68,14.68,14.68,14.68,20,29360.0
2020-04-01,14.68,14.11,14.89,14.11,130,189520.0
2020-04-02,14.36,14.95,14.95,14.36,300,441420.0
2020-04-07,14.99,15.0,15.0,14.98,200,299940.0
2020-04-08,15.0,15.11,15.11,15.0,330,496200.0
2020-04-09,15.16,15.81,15.81,15.16,380,590870.0
2020-04-10,15.81,15.85,15.85,15.81,30,47546.0
2020-04-14,15.03,15.56,15.56,15.03,1230,1850280.0
2020-04-15,15.88,15.88,15.88,15.88,10,15880.0
2020-04-16,15.88,16.53,16.53,15.88,70,113470.0
2020-04-17,16.54,17.5,17.75,16.54,104,175300.0
2020-04-21,18.75,18.0,18.75,18.0,43,78581.0
2020-04-22,20.0,16.0,20.0,16.0,83,136060.0
2020-04-23,17.98,16.0,17.98,16.0,203,324998.0
2020-04-24,18.4,16.12,18.4,16.12,159,260927.0
2020-04-27,16.0,16.01,16.01,16.0,39,62515.0
2020-04-28,16.45,16.45,16.45,16.45,25,41125.0
2020-04-29,16.86,16.44,16.86,16.44,518,851676.0
2020-04-30,16.5,16.34,16.5,16.34,156,257215.0
2020-05-06,15.81,15.91,15.91,15.81,944,1493070.0
2020-05-07,16.38,16.17,16.38,16.17,70,113500.0
2020-05-08,16.55,16.52,16.59,16.52,96,158972.0
2020-05-11,17.99,16.53,17.99,16.52,1389,2561689.0
2020-05-12,16.65,16.64,16.66,16.64,1480,2682573.0
2020-05-13,16.6,16.04,16.6,16.04,5400,11397880.0
2020-05-14,17.28,16.5,17.28,16.44,9512,19519623.0
2020-05-15,16.59,16.7,16.7,16.59,1142,1902644.0
2020-05-18,16.87,16.79,16.91,16.78,1011,1700562.0
2020-05-19,16.68,16.68,16.68,16.68,100,166800.0
2020-05-20,16.62,16.63,16.63,16.62,130,216090.0
2020-05-21,16.64,16.99,17.25,16.64,2447,4187141.0
2020-05-22,16.76,16.8,16.8,16.76,259,434244.0
2020-05-25,16.99,16.98,16.99,16.98,362,615308.0
2020-05-26,16.92,16.81,16.92,16.8,212,356559.0
2020-05-27,16.9,16.9,16.9,16.9,84,141960.0
2020-05-28,16.99,16.99,16.99,16.99,102,173298.0
2020-05-29,17.6,17.77,17.77,17.6,110,195300.0
2020-06-01,18.0,17.8,18.03,17.8,841,1511527.0
2020-06-02,17.99,18.58,18.58,17.98,11942,27145506.0
2020-06-03,18.5,18.86,18.86,18.22,877,1616926.0
2020-06-04,18.99,19.19,19.19,18.99,1109,2114182.0
2020-06-05,19.38,18.75,19.38,18.75,90,171060.0
2020-06-08,19.2,19.01,19.3,19.01,75,142909.0
2020-06-09,18.99,18.97,18.99,18.97,117,222099.0
2020-06-10,18.75,18.75,18.75,18.75,105,196875.0
2020-06-11,18.8,18.8,18.8,18.8,30,56400.0
2020-06-12,19.18,19.8,19.8,19.18,586,1149250.0
2020-06-15,20.18,20.19,20.25,20.18,505,1020090.0
2020-06-16,19.6,19.65,19.65,19.56,240,470939.0
2020-06-17,19.65,19.5,19.65,19.5,23,44865.0
2020-06-18,20.5,20.38,20.5,19.81,167,339729.0
2020-06-19,20.1,20.11,20.11,20.1,662,1331996.0
2020-06-22,20.0,20.0,20.1,20.0,20,40050.0
2020-06-23,20.2,19.88,20.2,19.88,120,239200.0
2020-06-24,19.45,20.0,20.0,19.45,221,432248.0
2020-06-29,20.5,20.22,20.5,20.21,519,1050597.0
2020-06-30,20.5,22.87,22.87,20.5,565,1214834.0
2020-07-01,20.8,20.95,20.95,20.8,765,1595645.0
2020-07-02,20.32,20.48,20.9,20.32,290,603240.0
2020-07-03,20.2,20.2,20.2,20.2,340,686032.0
2020-07-06,21.99,21.5,21.99,21.5,377,823933.0
2020-07-07,21.51,21.11,21.51,21.11,60,128660.0
2020-07-08,21.14,21.48,21.59,21.14,790,1699156.0
2020-07-09,21.0,20.98,21.03,20.98,313,656525.0
2020-07-10,21.5,21.1,21.5,21.1,92,195720.0
2020-07-13,21.92,21.96,21.99,21.92,598,1313581.0
2020-07-15,21.01,21.1,21.16,21.01,222,467645.0
2020-07-16,21.0,20.9,21.0,20.9,258,541570.0
2020-07-17,20.21,20.22,20.5,20.21,338,684189.0
2020-07-20,20.1,20.8,20.8,20.1,243,495240.0
2020-07-21,21.44,21.0,21.44,21.0,185,395230.0
2020-07-22,21.38,20.5,21.38,20.5,185,388764.0
2020-07-23,20.61,20.37,20.9,20.36,214,437064.0
2020-07-24,20.6,20.28,20.6,20.28,207,420553.0
2020-07-27,18.78,18.37,18.78,18.37,222,410203.0
2020-07-28,18.21,18.35,18.35,18.21,97,176797.0
2020-07-29,18.85,18.8,18.85,18.8,148,278615.0
2020-07-30,18.5,18.2,18.5,18.2,151,276580.0
2020-07-31,18.58,18.05,18.58,18.05,79,143653.0
2020-08-03,18.25,18.16,18.75,18.16,442,812707.0
2020-08-04,18.4,17.99,18.45,17.9,202,367995.0
2020-08-05,18.31,18.01,18.31,18.01,292,530218.0
2020-08-06,18.31,17.9,18.31,17.9,135,242746.0
2020-08-07,17.01,17.35,17.9,17.01,52,90100.0
2020-08-10,17.11,17.81,18.14,17.11,240,428435.0
2020-08-11,17.35,17.64,17.88,17.35,102,178802.0
2020-08-12,17.65,17.65,18.0,17.65,80,142345.0
2020-08-13,17.61,18.18,18.43,17.61,255,460453.0
2020-08-14,18.18,18.88,18.88,18.0,153,283009.0
2020-08-17,18.58,18.12,18.78,18.12,334,611461.0
2020-08-18,18.7,18.49,18.7,18.1,471,861936.0
2020-08-19,17.1,18.59,18.85,17.1,369,681232.0
2020-08-20,19.98,18.25,19.98,17.88,116,212003.0
2020-08-21,18.88,18.92,18.92,18.88,58,109616.0
2020-08-24,18.94,17.8,19.0,17.8,104,191830.0
2020-08-25,17.61,17.5,17.62,17.5,294,516174.0
2020-08-26,17.43,17.43,17.43,17.43,3,5229.0
2020-08-27,16.99,16.01,16.99,15.3,499,774456.0
2020-08-28,15.93,16.0,16.0,15.41,73,114922.0
2020-08-31,16.35,16.23,16.35,16.23,2703,4419369.0
2020-09-01,15.89,17.7,17.7,15.89,863,1388420.0
2020-09-02,15.98,16.9,16.9,15.98,725,1160184.0
2020-09-04,17.02,17.02,17.02,17.02,10,17020.0
2020-09-07,16.38,16.38,16.38,16.38,67,109746.0
2020-09-08,16.37,15.9,16.37,15.9,60,96245.0
2020-09-09,15.3,15.06,15.3,14.98,122,185259.0
2020-09-10,13.2,15.07,15.28,13.2,17,25630.0
2020-09-11,15.4,15.4,15.4,15.4,31,47740.0
2020-09-14,16.26,15.78,16.26,15.34,123,190163.0
2020-09-15,15.36,15.15,15.36,15.0,100,151084.0
2020-09-16,15.15,15.8,15.8,15.15,252,385889.0
2020-09-17,15.8,15.8,15.8,15.8,149,234677.0
2020-09-18,15.8,15.8,15.8,15.8,30,47400.0
2020-09-21,16.8,17.0,17.0,16.8,185,311772.0
2020-09-22,16.21,17.79,17.79,16.21,11,19897.0
2020-09-23,17.88,17.88,17.88,17.88,10,17880.0
2020-09-24,17.88,17.89,17.89,17.88,242,432701.0
2020-09-25,17.2,17.2,17.2,17.0,129,220308.0
2020-09-28,17.2,18.0,18.0,17.2,32,55840.0
2020-09-29,18.0,18.0,18.0,18.0,90,162000.0
2020-09-30,19.0,18.98,19.0,18.98,24,45572.0
2020-10-09,18.5,18.6,18.8,18.5,33,61640.0
2020-10-12,17.5,17.04,17.5,17.04,82,143827.0
2020-10-13,18.85,17.5,18.85,16.9,39,69787.0
2020-10-14,17.05,17.98,17.98,17.05,22,37781.0
2020-10-15,18.35,17.5,18.35,17.5,381,682135.0
2020-10-16,17.9,17.8,17.98,17.8,166,297302.0
2020-10-19,17.8,17.8,17.8,17.8,99,176220.0
2020-10-20,17.2,17.8,17.8,17.2,52,92500.0
2020-10-21,17.8,17.8,17.8,17.8,10,17800.0
2020-10-22,17.78,17.65,17.78,17.13,220,388040.0
2020-10-23,18.0,18.5,18.5,17.5,147,270697.0
2020-10-26,18.7,18.0,18.7,18.0,70,129500.0
2020-10-27,18.0,18.38,18.58,17.99,222,401158.0
2020-10-28,17.86,18.38,18.38,17.86,6,10976.0
2020-10-29,18.0,18.0,18.0,18.0,9,16200.0
2020-11-02,17.5,18.6,18.6,17.5,231,425150.0
2020-11-03,18.0,18.76,18.77,18.0,71,130479.0
2020-11-04,18.55,18.49,18.55,18.49,1059,1609190.0
2020-11-05,18.8,17.49,18.8,17.4,907,1427227.0
2020-11-06,17.5,15.3,17.5,15.05,1893,2923671.0
2020-11-09,15.06,15.28,15.55,15.06,732,1120574.0
2020-11-10,15.28,15.28,15.52,15.28,111,170334.0
2020-11-11,15.55,15.63,15.63,14.75,74,114054.0
2020-11-12,15.68,16.0,16.0,15.68,1747,2655320.0
2020-11-13,15.39,15.22,15.48,15.09,861,1306984.0
2020-11-16,15.6,17.0,17.0,15.6,3489,5305356.0
2020-11-17,17.01,16.96,17.88,16.94,8182,12868614.0
2020-11-18,15.24,15.3,15.34,14.9,8957,13496473.0
2020-11-19,15.28,15.06,15.28,15.06,1220,1842881.0
2020-11-20,14.99,15.11,15.24,14.99,1676,2523651.0
2020-11-23,15.01,15.09,15.15,15.0,1486,2237484.0
2020-11-24,15.09,15.09,15.2,15.09,1377,2073582.0
2020-11-25,15.09,15.0,15.1,14.98,293,439999.0
2020-11-26,15.15,15.08,15.15,15.08,269,406463.0
2020-11-27,15.52,15.06,15.52,15.0,400,600544.0
2020-11-30,15.12,15.2,15.28,15.08,425,646401.0
2020-12-01,15.83,15.72,15.83,15.33,6207,9412769.0
2020-12-02,15.15,15.1,15.15,15.0,1250,1881968.0
2020-12-03,15.03,15.06,15.07,15.03,241,362292.0
2020-12-04,15.09,15.05,15.33,15.05,1004,1518616.0
2020-12-07,15.27,15.08,15.27,15.07,1304,1965122.0
2020-12-08,15.08,15.08,15.1,15.05,662,998400.0
2020-12-09,15.55,15.11,15.55,15.1,3965,5993589.0
2020-12-10,15.2,15.03,15.24,15.03,3042,4591413.0
2020-12-11,15.03,15.09,15.15,15.02,266,401165.0
2020-12-14,15.11,15.08,15.29,15.08,3599,5442541.0
2020-12-15,15.1,15.13,15.19,15.08,7757,14651828.0
2020-12-16,15.03,15.0,15.09,15.0,170,255091.0
2020-12-17,15.05,15.03,15.05,15.03,114,171364.0
2020-12-18,15.0,15.12,15.12,15.0,322,483067.0
2020-12-21,15.12,15.15,15.28,15.06,2489,3753263.0
2020-12-22,15.15,15.2,15.29,15.15,270,411112.0
2020-12-23,14.79,15.06,15.16,14.79,211,317047.0
2020-12-24,15.1,15.06,15.1,15.06,283,425500.0
2020-12-25,14.9,14.9,14.9,14.9,35,52150.0
2020-12-28,15.0,15.0,15.0,15.0,820,1158000.0
2020-12-29,14.01,14.33,14.5,14.01,1992,2801628.0
2020-12-30,14.68,14.9,14.9,14.68,370,546514.0
2020-12-31,15.0,14.9,15.0,14.9,57,85367.0
2021-01-04,14.99,14.84,14.99,14.84,132,197648.0
2021-01-05,14.97,14.87,14.97,14.5,216,318046.0
2021-01-06,14.89,14.64,14.89,14.61,164,240944.0
2021-01-07,14.8,14.63,14.93,14.61,134,197980.0
2021-01-08,14.84,14.63,14.84,14.42,171,250793.0
2021-01-11,14.7,14.3,14.7,14.0,137,197673.0
2021-01-12,14.3,14.28,14.3,13.17,476,678778.0
2021-01-13,14.12,14.01,14.12,14.0,79,110725.0
2021-01-14,14.0,14.0,14.0,14.0,276,386400.0
2021-01-15,14.8,14.8,14.8,14.8,1,1480.0
2021-01-18,14.48,14.48,14.48,14.48,81,117736.0
2021-01-19,14.0,14.0,14.05,14.0,128,179249.0
2021-01-20,13.66,14.2,14.3,13.46,72,102217.0
2021-01-21,14.2,14.0,14.2,14.0,148,208496.0
2021-01-22,14.0,13.98,14.0,13.98,130,181797.0
2021-01-25,13.99,13.99,13.99,13.99,30,41970.0
2021-01-26,14.0,13.99,14.0,13.9,48,66892.0
2021-01-29,13.62,13.76,13.76,13.4,150,203679.0
2021-02-01,13.85,13.43,13.86,13.3,225,304313.0
2021-02-02,13.79,13.79,13.79,13.79,30,41370.0
2021-02-03,14.1,14.1,14.1,14.1,70,98700.0
2021-02-05,13.78,13.41,13.78,13.4,169,227296.0
2021-02-08,14.96,13.42,14.96,13.41,80,109309.0
2021-02-09,14.44,13.4,14.44,13.15,151,202605.0
2021-02-10,13.58,13.79,13.79,13.58,190,260311.0
2021-02-18,13.52,13.52,13.52,13.52,11,14872.0
2021-02-19,14.38,14.38,14.38,14.38,1,1438.0
2021-02-22,13.6,13.6,13.6,13.6,100,136000.0
2021-02-23,13.7,13.87,13.87,13.7,13,17861.0
2021-02-24,13.8,13.95,13.95,13.8,20,27750.0
2021-02-26,13.97,13.97,13.97,13.97,10,13970.0
2021-03-02,13.68,13.6,13.68,13.58,78,105404.0
2021-03-03,13.45,13.46,13.46,13.45,120,160936.0
2021-03-04,14.48,13.95,14.48,13.95,2,2843.0
2021-03-05,13.6,13.5,13.6,13.5,12,16300.0
2021-03-08,13.5,13.5,13.5,13.5,15,20250.0
2021-03-09,13.5,13.49,13.5,13.49,16,21315.0
2021-03-10,13.59,13.58,13.59,13.58,4,5433.0
2021-03-12,13.9,13.9,13.9,13.9,1,1390.0
2021-03-17,13.59,13.59,13.59,13.59,7,9513.0
2021-03-18,13.41,13.21,13.41,13.21,79,104474.0
2021-03-19,13.47,13.47,13.47,13.47,1001,1511347.0
2021-03-22,13.05,13.05,13.11,13.0,89,115838.0
2021-03-23,13.85,13.7,13.85,13.1,8,10444.0
2021-03-25,13.05,13.05,13.05,13.05,1463,2427143.0
2021-03-26,13.5,13.49,13.5,13.05,159,208210.0
2021-03-29,12.6,12.6,12.6,12.6,20,25200.0
2021-03-30,13.05,13.0,13.05,13.0,4,5210.0
2021-03-31,12.99,13.08,13.08,12.99,35,45962.0
2021-04-01,14.09,14.09,14.09,14.09,1,1409.0
2021-04-06,13.1,13.5,13.5,13.1,30,38960.0
2021-04-07,13.3,13.3,13.3,13.3,19,25575.0
2021-04-09,13.49,13.49,13.49,13.49,1,1349.0
2021-04-13,13.47,13.39,13.47,13.39,3,4030.0
2021-04-14,13.5,13.49,13.5,13.48,7,9443.0
2021-04-15,13.45,13.48,13.48,13.45,3,4038.0
2021-04-20,13.5,13.5,13.5,13.5,1,1350.0
2021-04-22,13.44,13.44,13.44,13.44,3,4032.0
2021-04-26,14.0,14.0,14.0,14.0,1,1400.0
2021-04-28,13.47,13.8,13.8,13.47,11,15147.0
2021-04-29,13.47,13.47,13.47,13.47,8,10210.0
2021-04-30,13.64,13.64,13.64,13.64,1,1364.0
2021-05-06,13.88,13.64,13.88,13.64,52,71407.0
2021-05-07,13.57,13.57,13.57,13.57,10,13570.0
2021-05-11,13.68,13.68,13.68,13.68,1,1368.0
2021-05-12,13.68,13.68,13.68,13.68,1,1368.0
2021-05-14,13.48,13.18,13.48,13.18,5,7327.0
2021-05-17,13.18,13.17,13.18,13.17,54,71105.0
2021-05-18,13.18,13.16,13.18,13.16,4,4993.0
2021-05-19,13.15,13.15,13.15,13.15,6,7890.0
2021-05-21,12.99,12.99,12.99,12.99,41,53259.0
2021-05-24,12.03,11.98,12.03,11.98,197,236867.0
2021-05-25,11.52,13.0,13.0,11.52,225,264830.0
2021-05-26,12.0,11.76,12.0,11.75,332,393520.0
2021-05-27,11.88,12.38,12.87,11.88,88,106637.0
2021-05-28,12.49,12.66,12.67,12.49,23,29050.0
2021-05-31,11.6,11.88,12.28,11.6,684,807501.0
2021-06-01,11.88,11.65,11.88,11.65,41,48248.0
2021-06-02,11.58,11.98,11.98,11.58,57,65813.0
2021-06-03,11.8,11.68,11.8,11.68,41,48170.0
2021-06-04,11.88,11.61,11.88,11.61,219,254875.0
2021-06-07,11.5,11.48,11.6,11.2,370,425319.0
2021-06-08,11.75,11.48,11.75,11.48,308,353973.0
2021-06-09,11.6,11.48,11.82,11.48,52,60101.0
2021-06-10,11.5,11.48,11.5,11.48,328,377044.0
2021-06-11,11.48,11.3,11.48,11.3,35,39680.0
2021-06-15,11.5,11.25,11.5,11.25,86,97633.0
2021-06-16,11.5,11.43,11.5,11.01,94,106478.0
2021-06-17,11.38,11.36,11.59,11.36,78,89732.0
2021-06-18,11.6,11.57,11.6,11.43,94,108682.0
2021-06-21,11.5,11.48,11.5,11.38,192,220443.0
2021-06-22,11.78,11.5,11.8,11.5,75,86941.0
2021-06-23,11.58,11.6,11.6,11.5,57,65634.0
2021-06-24,11.68,11.5,11.68,11.5,76,87772.0
2021-06-25,11.85,11.52,11.85,11.5,94,107791.0
2021-06-28,11.68,11.58,11.68,11.48,76,88144.0
2021-06-29,11.58,11.88,11.88,11.38,78,90549.0
2021-06-30,11.99,12.28,12.32,11.48,18,20879.0
2021-07-01,12.23,11.78,12.23,11.48,59,68079.0
2021-07-02,12.51,11.79,12.51,11.79,38,44891.0
2021-07-05,12.3,11.6,12.3,11.48,38,44480.0
2021-07-06,11.6,11.6,11.6,11.59,3,3560.0
2021-07-07,11.43,11.5,11.5,11.38,21,23960.0
2021-07-08,11.75,11.5,11.75,11.5,80,92220.0
2021-07-09,11.43,11.43,11.43,11.43,6,6858.0
2021-07-12,11.25,11.43,12.25,11.25,54,61926.0
2021-07-13,11.35,11.34,11.43,11.34,84,95670.0
2021-07-14,11.43,11.43,11.43,11.43,22,25146.0
2021-07-15,11.38,11.01,11.38,11.01,124,137153.0
2021-07-16,11.4,11.35,11.4,11.01,15,16731.0
2021-07-19,11.2,11.5,11.5,11.2,5,5630.0
2021-07-20,11.18,11.22,11.4,11.18,12,13514.0
2021-07-21,11.5,11.01,11.5,11.01,82,91871.0
2021-07-22,11.42,11.01,11.42,11.01,2,2243.0
2021-07-23,11.38,11.38,11.38,11.38,1,1138.0
2021-07-26,11.45,11.45,11.45,11.45,1,1145.0
2021-07-27,11.45,11.43,11.45,10.1,51,54710.0
2021-07-28,11.51,11.29,11.51,11.1,82,93923.0
2021-07-29,11.28,11.02,11.28,10.99,251,276216.0
2021-07-30,11.28,11.01,11.28,11.01,72,80327.0
2021-08-02,10.98,10.98,11.01,10.69,178,194003.0
2021-08-03,10.57,10.96,10.96,10.42,110,114952.0
2021-08-04,10.98,11.1,11.1,10.98,3,3306.0
2021-08-05,10.98,10.91,10.98,10.57,214,226763.0
2021-08-06,10.4,10.85,10.85,10.4,54,56475.0
2021-08-09,10.46,10.45,10.47,10.45,137,143233.0
2021-08-10,10.7,10.45,10.7,10.45,130,136788.0
2021-08-11,10.42,10.65,10.68,10.4,99,103736.0
2021-08-12,10.45,10.62,10.62,10.45,24,25194.0
2021-08-16,10.55,10.54,10.55,10.4,113,118183.0
2021-08-17,10.55,10.54,10.55,10.4,34,35539.0
2021-08-18,10.38,10.44,10.44,10.38,40,41614.0
2021-08-19,10.7,10.44,10.7,10.44,14,14772.0
2021-08-20,10.44,10.48,10.48,10.44,13,13604.0
2021-08-23,10.48,10.48,10.48,10.48,52,54108.0
2021-08-24,10.65,10.48,10.65,10.26,32,33264.0
2021-08-25,10.48,10.48,10.48,10.48,20,20960.0
2021-08-26,10.5,10.56,10.58,10.5,29,30496.0
2021-08-27,10.52,10.98,10.98,10.52,205,220507.0
2021-08-30,10.98,10.6,10.98,10.6,188,205054.0
2021-08-31,10.2,10.8,10.8,10.2,147,153541.0
2021-09-01,10.88,10.95,10.99,10.7,281,305671.0
2021-09-02,10.99,10.99,10.99,10.99,130,143353.0
2021-09-03,11.55,12.22,12.25,11.55,472,565732.0
2021-09-06,12.85,14.2,15.0,12.85,703,999644.0
2021-09-07,14.3,14.55,14.77,14.0,747,1077145.0
2021-09-08,15.75,14.39,15.75,14.38,393,577548.0
2021-09-09,14.39,14.39,14.59,14.38,244,353995.0
2021-09-10,14.88,14.39,15.5,14.31,166,245175.0
2021-09-13,14.08,14.97,15.01,14.08,16,23428.0
2021-09-14,14.8,14.8,15.0,14.5,457,675851.0
2021-09-15,15.15,14.74,15.15,14.53,534,792847.0
2021-09-16,14.99,14.74,14.99,14.6,48,71234.0
2021-09-17,15.0,14.73,15.0,14.65,80,118184.0
2021-09-22,14.92,15.31,15.48,14.92,1794,2743589.0
2021-09-23,15.68,14.9,15.68,14.88,731,1107466.0
2021-09-24,14.91,15.38,15.38,14.8,770,1143267.0
2021-09-27,15.88,15.38,15.88,15.1,982,1521884.0
2021-09-28,15.38,15.37,15.48,15.31,584,896248.0
2021-09-29,15.38,15.02,15.38,15.0,471,712572.0
2021-09-30,15.5,15.71,15.8,15.05,544,845835.0
2021-10-08,15.99,15.88,15.99,15.75,934,1483433.0
2021-10-11,16.2,15.87,16.25,15.85,972,1564956.0
2021-10-12,17.0,15.88,17.0,15.87,515,827388.0
2021-10-13,15.97,16.18,16.18,15.97,271,433965.0
2021-10-14,16.0,16.17,16.18,15.88,583,934515.0
2021-10-15,16.29,15.89,16.5,15.89,211,339265.0
2021-10-18,15.88,15.42,15.88,15.36,331,513631.0
2021-10-19,16.48,15.45,16.48,15.3,498,767075.0
2021-10-20,15.68,15.69,15.79,15.6,238,372718.0
2021-10-21,15.68,15.77,15.78,15.2,400,627861.0
2021-10-22,15.4,15.8,15.89,15.4,299,471743.0
2021-10-25,15.8,15.65,15.86,15.5,769,1208967.0
2021-10-26,15.66,15.41,15.66,15.07,133,205267.0
2021-10-27,15.02,15.35,15.41,15.02,177,271496.0
2021-10-28,15.08,14.97,15.1,14.97,162,243054.0
2021-10-29,13.91,15.12,15.12,13.91,94,140036.0
2021-11-01,15.12,15.46,15.61,15.02,437,659430.0
2021-11-02,15.53,14.96,15.53,14.96,121,182156.0
2021-11-03,15.17,14.85,15.17,14.66,70,103206.0
2021-11-04,15.23,15.0,15.23,14.99,107,160486.0
2021-11-05,14.87,15.8,16.07,14.87,84,126169.0
2021-11-08,15.82,15.59,15.82,15.0,69,103968.0
2021-11-09,15.9,15.7,15.9,15.23,137,216525.0
2021-11-10,15.7,15.63,15.7,15.25,145,222174.0
2021-11-11,15.62,15.5,15.62,15.2,59,91004.0
2021-11-12,15.5,15.35,15.5,15.24,535,819124.0
2021-11-15,15.55,15.2,15.58,15.0,1399,2135274.0
2021-11-16,15.88,15.68,15.88,15.31,388,601150.0
2021-11-17,15.18,15.81,15.86,15.18,1698,2684340.0
2021-11-18,15.9,16.2,16.3,15.9,924,1485035.0
2021-11-19,16.46,16.35,16.46,16.22,327,533330.0
2021-11-22,17.39,18.6,19.45,17.39,1621,2955585.0
2021-11-23,19.1,18.5,19.18,18.3,1224,2290725.0
2021-11-24,18.79,18.25,18.79,18.1,549,1000441.0
2021-11-25,18.7,18.6,18.75,18.33,980,1824648.0
2021-11-26,18.64,19.0,19.28,18.64,1253,2377176.0
2021-11-29,19.34,18.68,19.34,18.1,802,1515442.0
2021-11-30,18.6,18.21,18.68,18.2,358,657554.0
2021-12-01,18.01,18.59,18.65,18.01,331,608863.0
2021-12-02,18.59,18.08,18.59,18.01,502,913104.0
2021-12-03,18.1,18.32,18.33,18.1,271,492980.0
2021-12-06,18.32,18.01,18.32,18.01,92,167366.0
2021-12-07,18.01,17.5,18.01,17.49,410,722514.0
2021-12-08,18.0,18.11,18.3,18.0,377,685540.0
2021-12-09,18.5,18.26,18.5,18.12,290,531815.0
2021-12-10,18.18,18.2,18.2,18.18,169,307473.0
2021-12-13,18.27,17.93,18.27,17.93,136,245461.0
2021-12-14,18.42,17.92,18.42,17.92,431,773797.0
2021-12-15,17.6,17.89,17.89,17.6,236,417055.0
2021-12-16,17.7,17.48,17.7,17.35,577,1011103.0
2021-12-17,17.5,17.4,17.5,17.38,611,1063794.0
2021-12-20,17.0,16.79,17.0,16.65,738,1241797.0
2021-12-21,17.0,17.05,17.2,17.0,583,994179.0
2021-12-22,17.2,17.05,17.2,17.05,406,693059.0
2021-12-23,17.4,17.08,17.4,17.02,545,931050.0
2021-12-24,17.22,17.22,17.3,17.11,1047,1802525.0
2021-12-27,18.0,18.2,18.6,18.0,1180,2159747.0
2021-12-28,18.17,18.19,18.19,18.08,972,1762828.0
2021-12-29,18.2,18.33,18.7,18.2,680,1253708.0
2021-12-30,17.82,18.62,18.66,17.82,500,925027.0
2021-12-31,18.62,18.32,18.62,18.23,389,715566.0
2022-01-04,18.32,18.53,18.6,18.32,1532,2837711.0
2022-01-05,18.51,18.22,18.55,18.17,751,1372543.0
2022-01-06,18.46,18.3,18.46,18.3,431,793670.0
2022-01-07,18.57,18.0,18.57,18.0,817,1480292.0
2022-01-10,18.18,17.95,18.18,17.52,573,1017662.0
2022-01-11,18.1,17.98,18.1,17.84,153,275500.0
2022-01-12,18.2,18.3,18.3,17.99,96,172863.0
2022-01-13,18.0,17.7,18.0,17.57,255,451628.0
2022-01-14,17.47,16.75,17.47,16.5,1222,2040167.0
2022-01-17,16.86,16.63,16.86,16.46,246,406393.0
2022-01-18,16.87,16.64,16.87,16.59,134,223764.0
2022-01-19,16.5,16.75,16.76,16.5,62,103175.0
2022-01-20,16.65,16.88,17.0,16.65,91,153804.0
2022-01-21,16.88,16.89,16.95,16.88,90,152165.0
2022-01-24,16.91,16.94,17.13,16.91,49,82850.0
2022-01-25,17.2,17.05,17.3,17.04,456,788213.0
2022-01-26,17.03,17.29,17.29,17.0,125,213483.0
2022-01-27,17.53,17.46,17.58,17.44,644,1126966.0
2022-01-28,17.3,17.69,17.84,17.28,805,1407009.0
2022-02-07,17.6,17.45,17.6,17.4,429,749404.0
2022-02-08,17.43,17.19,17.95,17.18,123,213283.0
2022-02-09,17.3,17.18,17.3,17.03,112,191957.0
2022-02-10,17.19,16.99,17.19,16.99,221,377310.0
2022-02-11,16.9,16.78,16.9,16.7,139,233554.0
2022-02-14,16.5,16.5,17.0,16.48,247,408575.0
2022-02-15,16.98,16.8,16.98,16.7,977,1800204.0
2022-02-16,17.0,16.87,17.0,16.58,112,189048.0
2022-02-17,17.29,17.1,17.29,17.1,59,101285.0
2022-02-18,16.88,17.29,17.36,16.88,81,137434.0
2022-02-21,17.6,17.2,17.6,17.14,43,73954.0
2022-02-22,17.2,17.2,17.2,17.2,16,27004.0
2022-02-23,16.99,16.71,16.99,16.68,130,218160.0
2022-02-24,16.68,15.94,16.68,15.8,304,488853.0
2022-02-25,16.16,16.4,16.42,16.1,472,769149.0
2022-02-28,15.8,16.36,16.36,15.8,10,16451.0
2022-03-01,17.53,15.9,17.53,15.71,102,163437.0
2022-03-02,15.89,15.6,15.89,15.6,272,426862.0
2022-03-03,16.79,15.59,16.79,15.41,146,231668.0
2022-03-04,15.25,15.09,15.25,15.09,239,363410.0
2022-03-07,14.9,14.46,14.9,14.45,389,569975.0
2022-03-08,14.2,14.12,14.21,14.11,252,356240.0
2022-03-09,14.19,13.81,14.19,13.5,233,320478.0
2022-03-10,13.93,13.25,13.93,13.25,277,374714.0
2022-03-11,14.5,13.47,14.5,13.33,86,115104.0
2022-03-14,14.77,13.68,14.77,13.6,333,457869.0
2022-03-15,13.32,13.34,13.73,13.32,296,396842.0
2022-03-16,13.0,13.39,13.4,13.0,540,704470.0
2022-03-17,13.9,13.64,13.9,13.64,106,145834.0
2022-03-18,12.98,12.79,13.52,12.79,541,699135.0
2022-03-21,12.38,12.3,12.7,12.29,709,877086.0
2022-03-22,12.3,12.39,12.4,12.26,98,120610.0
2022-03-23,12.72,13.24,13.29,12.72,345,444213.0
2022-03-24,13.24,12.99,13.24,12.99,204,265257.0
2022-03-25,12.99,13.4,13.4,12.43,42,54487.0
2022-03-28,13.29,13.01,13.3,13.01,131,173925.0
2022-03-29,13.25,13.07,13.25,13.07,149,197221.0
2022-03-30,13.2,12.72,13.27,12.72,144,189990.0
2022-03-31,12.9,13.39,13.39,12.9,8,10460.0
2022-04-01,13.38,13.25,13.38,13.25,7,9301.0
2022-04-06,13.8,13.29,13.8,13.17,49,66222.0
2022-04-07,13.01,13.3,13.3,13.01,4,5290.0
2022-04-08,13.29,13.28,13.29,13.24,73,96174.0
2022-04-11,12.4,12.99,13.3,12.4,2,3013.0
2022-04-12,12.33,13.45,13.47,12.33,38,47427.0
2022-04-13,12.39,13.38,13.42,12.39,250,312034.0
2022-04-14,12.2,12.94,13.09,12.2,99,124889.0
2022-04-15,12.93,12.93,12.93,12.6,10,12880.0
2022-04-18,12.21,12.45,12.9,12.21,29,35769.0
2022-04-19,12.59,12.59,12.59,12.59,1,1259.0
2022-04-20,12.41,12.86,12.86,12.41,27,33977.0
2022-04-21,12.15,12.19,12.3,12.15,301,367176.0
2022-04-22,12.0,12.05,12.18,12.0,33,39650.0
2022-04-25,12.0,11.75,12.0,11.31,32,36905.0
2022-04-26,11.98,11.98,11.98,11.98,201,240798.0
2022-04-27,11.1,11.68,11.75,11.1,78,89226.0
2022-04-28,11.65,11.58,11.65,11.14,322,374120.0
2022-04-29,11.27,11.54,11.55,11.26,130,147495.0
2022-05-05,11.0,11.78,11.78,10.87,267,308600.0
2022-05-06,11.03,11.11,11.69,11.03,57,63337.0
2022-05-09,11.58,11.58,11.58,11.58,1,1158.0
2022-05-10,11.57,11.57,11.58,11.0,140,161228.0
2022-05-11,11.49,11.49,11.49,11.49,8,8881.0
2022-05-12,11.05,11.29,11.3,11.05,193,218237.0
2022-05-13,11.45,11.5,11.57,11.44,70,80268.0
2022-05-16,11.55,11.7,11.74,11.55,397,458890.0
2022-05-17,11.63,12.28,12.31,11.63,199,241266.0
2022-05-18,12.7,13.29,13.29,12.7,702,920680.0
2022-05-19,13.7,13.39,13.7,13.2,55,73452.0
2022-05-20,13.49,13.5,13.68,13.49,382,517417.0
2022-05-23,14.8,13.89,14.8,13.53,76,105572.0
2022-05-24,14.2,13.67,14.2,13.6,56,77085.0
2022-05-25,13.8,13.76,13.8,13.76,100,137644.0
2022-05-26,13.8,13.8,13.88,13.8,509,704503.0
2022-05-27,14.3,13.66,14.3,13.66,223,308303.0
2022-05-30,13.8,13.66,13.8,13.6,96,131984.0
2022-05-31,13.96,13.67,13.96,13.65,133,182224.0
2022-06-01,13.95,13.6,13.95,13.22,26,35164.0
2022-06-02,13.8,13.6,13.8,13.6,56,76280.0
2022-06-06,13.0,12.87,13.04,12.87,258,335276.0
2022-06-07,12.58,13.15,13.15,12.58,194,255409.0
2022-06-08,12.32,13.55,13.58,12.32,819,1106274.0
2022-06-09,13.76,14.55,14.55,13.75,626,877663.0
2023-05-31,11.0,10.89,11.72,10.79,153468,173989556.31
2023-06-01,10.51,10.23,10.51,10.09,54615,56047363.91
2023-06-02,10.13,10.35,10.7,10.12,27391,28534170.32
2023-06-05,10.44,10.22,10.48,10.15,14905,15270191.01
2023-06-06,10.19,10.17,10.29,10.12,11003,11186598.03
2023-06-07,10.12,10.09,10.18,10.06,11118,11228938.02
2023-06-08,10.09,10.07,10.12,10.06,5954,6004708.97
2023-06-09,10.08,9.96,10.1,9.91,9550,9542823.95
2023-06-12,9.98,9.97,9.99,9.93,4108,4090069.23
2023-06-13,9.95,9.99,10.05,9.94,4527,4519303.41
2023-06-14,10.05,9.99,10.09,9.99,5559,5568402.84
2023-06-15,10.0,10.0,10.03,9.98,5842,5841319.56
2023-06-16,10.08,10.26,10.37,10.01,14109,14406440.84
2023-06-19,10.26,10.07,10.26,10.0,8754,8834276.79
2023-06-20,10.09,10.22,10.31,10.03,7816,7966989.79
2023-06-21,10.16,10.17,10.27,10.05,8357,8469889.4
2023-06-26,10.08,10.02,10.2,10.0,5988,6017958.8
2023-06-27,10.09,10.04,10.09,10.01,2688,2700599.36
2023-06-28,10.08,9.98,10.08,9.95,3413,3408709.58
2023-06-29,9.98,9.99,10.03,9.95,4597,4589595.45
2023-06-30,10.03,9.99,10.06,9.95,6331,6329213.75
2023-07-03,10.03,10.02,10.03,9.95,6452,6440552.97
2023-07-04,10.0,10.13,10.17,9.99,5303,5352655.86
2023-07-05,10.09,10.14,10.2,10.09,5189,5265469.1
2023-07-06,10.17,10.1,10.18,10.07,2419,2445776.23
2023-07-07,10.18,10.11,10.18,10.08,2322,2346694.72
2023-07-10,10.15,10.11,10.15,10.1,1302,1316939.49
2023-07-11,10.1,10.05,10.1,10.04,3458,3477735.65
2023-07-12,10.06,10.03,10.08,10.0,2536,2545012.82
2023-07-13,10.03,10.08,10.1,10.01,2888,2912598.04
2023-07-14,10.06,10.08,10.08,10.02,1491,1499160.48
2023-07-17,10.13,10.05,10.13,10.04,1959,1971314.52
2023-07-18,10.05,10.06,10.1,10.02,2129,2141402.37
2023-07-19,10.07,10.05,10.08,10.02,8173,8210789.78
2023-07-20,10.05,10.04,10.09,10.03,2633,2646530.06
2023-07-21,10.05,10.05,10.08,10.03,6468,6479217.51
2023-07-24,10.06,10.04,10.07,10.02,4649,4672589.39
2023-07-25,10.07,10.07,10.08,10.04,2843,2857845.61
2023-07-26,10.08,10.08,10.13,10.05,2113,2131665.08
2023-07-27,10.13,10.07,10.14,10.06,2041,2056641.3
2023-07-28,10.05,10.08,10.09,10.04,2170,2184310.86
2023-07-31,10.12,10.09,10.13,10.06,8069,8142446.05
2023-08-01,10.09,10.1,10.13,10.06,7075,7125204.34
2023-08-02,10.08,10.05,10.12,10.05,4411,4455273.15
2023-08-03,10.05,10.07,10.1,10.03,3052,3070175.08
2023-08-04,10.06,10.08,10.1,10.03,3586,3602922.75
2023-08-07,10.08,10.02,10.08,9.98,4741,4746857.81
2023-08-08,10.0,9.99,10.02,9.96,2194,2191538.88
2023-08-09,9.99,10.2,10.29,9.95,16318,16589949.36
2023-08-10,10.13,10.08,10.18,10.0,8252,8288231.32
2023-08-11,10.08,10.31,10.39,10.04,21476,22051333.73
2023-08-14,10.3,10.26,10.64,10.19,17774,18477146.11
2023-08-15,10.3,10.18,10.31,10.12,8340,8494298.1
2023-08-16,10.12,10.1,10.36,10.08,9227,9387479.91
2023-08-17,10.09,10.06,10.15,10.0,9312,9347249.88
2023-08-18,10.11,10.02,10.11,10.01,2937,2947108.56
2023-08-21,10.02,9.99,10.04,9.97,2532,2530089.51
2023-08-22,10.16,10.12,10.22,10.0,7950,8023026.23
2023-08-23,10.15,10.06,10.16,10.05,2457,2478612.77
2023-08-24,10.1,10.04,10.1,10.0,2953,2962011.44
2023-08-25,10.07,10.03,10.07,9.99,2984,2989008.72
2023-08-28,10.3,10.08,10.39,10.07,5893,6013718.54
2023-08-29,10.09,10.19,10.21,10.08,6238,6335074.65
2023-08-30,10.2,10.19,10.2,10.15,3004,3056900.4
2023-08-31,10.16,10.2,10.21,10.13,2742,2789867.62
2023-09-01,10.21,10.29,10.32,10.19,6259,6423355.2
2023-09-04,10.5,10.59,10.66,10.48,26053,27535019.79
2023-09-05,10.58,10.41,10.59,10.34,8910,9322099.35
2023-09-06,10.46,10.39,10.46,10.33,4057,4213844.03
2023-09-07,10.36,10.25,10.37,10.23,6188,6372462.74
2023-09-08,10.25,10.39,10.48,10.21,3950,4084357.02
2023-09-11,10.4,10.49,10.54,10.36,6915,7247819.55
2023-09-12,10.44,10.5,10.55,10.44,6422,6752041.51
2023-09-13,10.45,10.34,10.49,10.27,5323,5513945.16
2023-09-14,10.3,10.36,10.44,10.3,2582,2670084.99
2023-09-15,10.32,10.32,10.4,10.3,3661,3783027.77
2023-09-18,10.35,10.49,10.53,10.33,4847,5067796.63
2023-09-19,10.53,10.71,10.88,10.53,14488,15529894.47
2023-09-20,10.76,10.61,10.84,10.6,8172,8731880.29
2023-09-21,10.55,10.73,10.75,10.55,6827,7269111.24
2023-09-22,10.62,10.84,10.93,10.62,10379,11256455.91
2023-09-25,10.8,10.78,10.84,10.72,4306,4635622.02
2023-09-26,10.9,10.58,10.9,10.57,4549,4848076.35
2023-09-27,10.6,10.63,10.82,10.6,2889,3090495.38
2023-09-28,10.66,10.72,10.76,10.62,2434,2607671.31
2023-10-09,10.75,10.81,10.88,10.72,7164,7758816.4
2023-10-10,10.79,10.61,10.87,10.57,7047,7558816.67
2023-10-11,10.79,10.71,10.79,10.54,4526,4847689.57
2023-10-12,10.84,10.81,10.87,10.71,6005,6483558.48
2023-10-13,10.71,10.71,10.81,10.65,3201,3436346.94
2023-10-16,10.8,10.72,10.94,10.71,6040,6525934.17
2023-10-17,10.62,10.46,10.62,10.35,7068,7417420.59
2023-10-18,10.5,10.18,10.5,10.11,3323,3424740.82
2023-10-19,10.16,10.1,10.16,10.03,4425,4466893.72
2023-10-20,10.1,10.07,10.1,9.96,4707,4713741.03
2023-10-23,10.09,10.0,10.16,9.92,3768,3770649.27
2023-10-24,10.0,10.15,10.18,10.0,2092,2118312.85
2023-10-25,10.21,10.11,10.22,10.1,3039,3079225.72
2023-10-26,10.17,10.13,10.17,10.09,1268,1283615.96
2023-10-27,10.11,10.35,10.43,10.11,4981,5125890.93
2023-10-30,10.35,10.59,10.64,10.35,6295,6626649.79
2023-10-31,10.58,10.59,10.64,10.51,6224,6581440.32
2023-11-01,10.51,10.55,10.64,10.47,1891,1994731.02
2023-11-02,10.56,10.34,10.58,10.31,2182,2274276.41
2023-11-03,10.45,10.4,10.48,10.32,4333,4494725.0
2023-11-06,10.48,10.53,10.57,10.39,3910,4098311.97
2023-11-07,10.45,10.54,10.56,10.38,3270,3426319.64
2023-11-08,10.59,10.64,10.67,10.53,9521,10098497.71
2023-11-09,10.75,10.96,11.42,10.72,21323,23627317.75
2023-11-10,10.9,10.95,11.29,10.89,11665,12866572.56
2023-11-13,10.98,11.08,11.22,10.98,7252,8052133.8
2023-11-14,11.09,11.03,11.11,10.91,6383,7027947.32
2023-11-15,11.19,11.37,11.57,11.07,19274,21875291.58
2023-11-16,11.33,10.97,11.33,10.93,11760,13008987.44
2023-11-17,10.95,11.08,11.08,10.95,4222,4653533.17
2023-11-20,11.1,11.44,11.67,11.06,15054,17219921.72
2023-11-21,11.55,11.97,12.65,11.54,50112,60652435.91
2023-11-22,11.88,12.67,12.67,11.78,58270,71972257.19
2023-11-23,12.9,12.65,13.67,12.31,59539,77682717.13
2023-11-24,12.82,16.44,16.44,12.82,162287,248217812.54
2023-11-27,17.66,18.27,20.44,15.89,232678,415041685.86
2023-11-28,16.5,16.4,18.04,15.39,136512,227896883.87
2023-11-29,16.55,14.86,17.15,14.61,105170,167145290.74
2023-11-30,15.15,15.55,16.13,14.21,86719,132711354.82
2023-12-01,15.2,14.68,15.96,14.54,62543,94483903.38
2023-12-04,14.8,14.26,14.85,13.7,49489,70699806.62
2023-12-05,14.15,15.41,15.8,14.02,84114,127141644.58
2023-12-06,15.41,14.92,15.98,14.8,61721,93890994.98
2023-12-07,14.74,15.28,15.47,14.73,51659,78435609.64
2023-12-08,15.28,15.85,15.98,14.97,63695,99446690.24
2023-12-11,16.06,15.45,16.65,15.25,53062,84307990.84
2023-12-12,15.25,15.52,15.65,15.13,41710,64200183.99
2023-12-13,15.5,16.49,17.2,15.35,110999,182987738.43
2023-12-14,16.09,16.51,16.99,15.88,96974,160131284.83
2023-12-15,16.55,16.23,16.58,15.79,50073,81112916.65
2023-12-18,16.15,16.57,16.84,16.04,60128,99756616.02
2023-12-19,16.57,16.24,16.72,15.94,40973,66551486.29
2023-12-20,16.4,16.88,17.12,16.13,67142,112091696.39
2023-12-21,16.62,14.45,16.87,13.6,88763,138797131.85
2023-12-22,14.53,14.26,14.85,13.89,39504,56566826.29
2023-12-25,14.26,15.09,15.25,14.25,47662,70952558.93
2023-12-26,15.09,15.11,15.55,14.5,48360,73466044.22
2023-12-27,15.11,15.11,15.2,14.7,32642,48775211.69
2023-12-28,15.16,15.39,15.58,14.91,44014,67367748.71
2023-12-29,15.46,15.85,15.92,15.38,40980,64689444.47
2024-01-02,16.0,16.36,16.45,15.85,49833,80513450.84
2024-01-03,16.36,16.63,17.28,16.2,65748,110493808.56
2024-01-04,16.51,16.39,16.63,15.81,43811,71264139.15
2024-01-05,16.44,15.79,16.7,15.44,57814,93405483.5
2024-01-08,15.56,14.5,15.87,14.5,41141,62361344.28
2024-01-09,14.57,13.92,14.76,13.59,38840,54718779.76
2024-01-10,13.9,14.25,14.4,13.74,24079,34070596.31
2024-01-11,14.66,14.57,15.29,14.37,30077,44376064.92
2024-01-12,14.3,13.59,14.48,13.59,35742,50190737.92
2024-01-15,13.55,13.06,13.73,13.03,23414,31327364.85
2024-01-16,13.25,13.78,13.8,12.58,36801,48748408.07
2024-01-17,13.65,13.53,14.05,13.5,30772,42255253.27
2024-01-18,13.53,13.77,13.83,13.12,29182,39384856.76
2024-01-19,13.85,14.25,14.46,13.71,38518,54341457.15
2024-01-22,14.17,13.39,14.26,13.18,28304,39135298.86
2024-01-23,13.39,13.45,13.64,13.2,14632,19663979.27
2024-01-24,13.56,13.31,13.61,12.93,21332,28219153.36
2024-01-25,13.46,13.48,13.78,13.27,22118,29945999.22
2024-01-26,13.3,13.34,13.74,13.2,19581,26367181.66
2024-01-29,13.29,12.34,13.34,12.34,21972,27946555.77
2024-01-30,12.32,12.26,12.57,12.1,13582,16733859.32
2024-01-31,12.16,12.25,12.54,12.16,12214,15099558.74
2024-02-01,12.39,11.75,12.39,11.75,13215,15932505.22
2024-02-02,11.8,11.15,11.99,10.52,22180,24924257.42
2024-02-05,11.22,10.88,11.22,10.25,20295,21832105.91
2024-02-06,10.9,12.71,12.89,10.66,37994,45813564.71
2024-02-07,12.9,12.37,13.5,12.15,31428,40624080.41
2024-02-08,12.37,12.43,12.85,11.78,21312,26280206.09
2024-02-19,12.5,12.75,12.8,12.4,13897,17560629.95
2024-02-20,12.81,13.39,14.37,12.56,35462,48537029.61
2024-02-21,13.0,13.36,13.73,12.92,32020,42692369.15
2024-02-22,13.31,13.4,13.69,13.05,20548,27395501.94
2024-02-23,13.48,13.11,13.5,12.93,20166,26506029.43
2024-02-26,13.04,13.05,13.2,12.94,10129,13208894.68
2024-02-27,13.18,13.52,13.65,13.06,29210,39241169.74
2024-02-28,13.9,13.13,14.22,13.03,33026,45327609.89
2024-02-29,13.3,13.63,13.68,13.1,22384,30079037.78
2024-03-01,13.75,13.65,13.76,13.45,13826,18780630.79
2024-03-04,13.64,13.84,14.14,13.36,25909,35728338.02
2024-03-05,13.65,13.1,13.68,13.01,20982,27838550.89
2024-03-06,12.95,13.11,13.24,12.89,14456,18887428.31
2024-03-07,13.15,12.79,13.15,12.75,11014,14235611.51
2024-03-08,12.89,12.82,13.04,12.7,7160,9217233.64
2024-03-11,12.71,12.82,12.9,12.66,10878,13902056.42
2024-03-12,12.82,13.09,13.56,12.8,19548,25801351.89
2024-03-13,13.02,12.67,13.02,12.67,17697,22587905.14
2024-03-14,13.2,12.85,13.9,12.75,31655,42027435.44
2024-03-15,12.65,13.06,13.25,12.41,29079,37476953.56
2024-03-18,13.1,13.1,13.2,12.93,15342,20020618.0
2024-03-19,13.09,12.9,13.13,12.82,12507,16230055.13
2024-03-20,12.85,13.0,13.05,12.85,7510,9746227.78
2024-03-21,13.0,12.74,13.03,12.67,14716,18829010.16
2024-03-22,12.69,12.62,12.89,12.59,11076,14043984.67
2024-03-25,12.58,12.26,12.68,12.26,8953,11144473.98
2024-03-26,12.28,12.11,12.39,11.96,8169,9909111.65
2024-03-27,12.11,12.12,12.45,12.11,7898,9712111.15
2024-03-28,12.03,12.23,12.35,12.03,6549,7972190.93
2024-03-29,12.18,12.19,12.25,12.11,4988,6079433.33
2024-04-01,12.15,12.29,12.39,12.15,5710,7006998.97
2024-04-02,12.21,12.46,12.64,12.21,11913,14902726.89
2024-04-03,12.5,12.49,12.55,12.35,5123,6362751.73
2024-04-08,12.45,12.08,12.45,12.03,7844,9571597.92
2024-04-09,12.06,12.17,12.24,12.04,4188,5085249.44
2024-04-10,12.14,12.16,12.61,12.0,15461,19058167.74
2024-04-11,12.0,11.66,12.01,11.62,18580,21921820.62
2024-04-12,11.68,11.41,11.72,11.37,6809,7838359.92
2024-04-15,11.44,11.06,11.53,11.03,11136,12461385.56
2024-04-16,11.11,10.54,11.13,10.47,13844,14737161.33
2024-04-17,10.74,11.03,11.07,10.61,13534,14768505.26
2024-04-18,11.06,11.06,11.19,10.84,9278,10267421.8
2024-04-19,10.98,10.98,11.1,10.87,5439,5968064.03
2024-04-22,10.98,11.33,11.4,10.95,10619,11992246.08
2024-04-23,11.17,11.33,11.39,11.13,6743,7603881.97
2024-04-24,11.33,11.24,11.33,11.11,8890,9978557.45
2024-04-25,11.23,11.19,11.32,11.16,5588,6284708.27
2024-04-26,11.17,11.3,11.32,11.1,7452,8371927.62
2024-04-29,11.45,11.58,11.67,11.37,10828,12483267.19
2024-04-30,11.49,11.84,12.1,11.48,15149,18010764.96
2024-05-06,11.95,12.08,12.24,11.84,11365,13668080.47
2024-05-07,12.1,11.89,12.14,11.86,8801,10515951.95
2024-05-08,11.84,12.08,12.15,11.84,12922,15528990.22
2024-05-09,12.12,12.06,12.13,11.95,8335,10026833.15
2024-05-10,12.04,11.91,12.06,11.75,6507,7721813.05
2024-05-13,11.8,11.59,12.09,11.59,12314,14565068.9
2024-05-14,11.59,11.52,11.72,11.47,10174,11767458.31
2024-05-15,11.55,11.48,11.63,11.47,7717,8899656.6
2024-05-16,11.51,11.51,11.65,11.42,5477,6308895.49
2024-05-17,11.49,11.53,11.58,11.46,3587,4131362.94
2024-05-20,11.58,11.43,11.58,11.42,6579,7557508.21
2024-05-21,11.38,11.16,11.46,11.15,7452,8375299.9
2024-05-22,11.25,11.25,11.39,11.12,3867,4353875.94
2024-05-23,11.29,11.6,11.76,11.15,19792,22899413.56
2024-05-24,11.65,11.44,11.66,11.42,6405,7385809.75
2024-05-27,11.51,11.46,11.51,11.39,3842,4390959.46
2024-05-28,11.6,11.35,11.69,11.35,5780,6643196.77
2024-05-29,11.33,11.34,11.45,11.28,4791,5435691.41
2024-05-30,11.28,11.31,11.39,11.26,2725,3077230.82
2024-05-31,11.39,11.27,11.39,11.2,2833,3188042.72
2024-06-03,11.28,10.84,11.28,10.8,9618,10550249.81
2024-06-04,10.84,10.77,10.97,10.65,7855,8452521.24
2024-06-05,10.79,10.6,10.79,10.6,4862,5206710.01
2024-06-06,10.69,10.52,10.69,10.44,8923,9393572.23
2024-06-07,10.58,10.69,10.78,10.58,6840,7300957.24
2024-06-11,10.76,10.73,10.87,10.54,3190,3435808.08
2024-06-12,10.83,10.8,10.88,10.66,3824,4130055.86
2024-06-13,10.77,10.8,10.84,10.71,2920,3148987.84
2024-06-14,10.82,10.8,10.82,10.77,2551,2753257.72
2024-06-17,10.74,10.69,10.79,10.63,3217,3441283.51
2024-06-18,10.69,10.73,10.78,10.63,3320,3551209.82
2024-06-19,10.73,10.88,11.07,10.7,6207,6760342.76
2024-06-20,10.85,10.67,10.9,10.67,4485,4828596.88
2024-06-21,10.68,11.04,11.13,10.68,9219,10129020.88
2024-06-24,11.07,10.7,11.07,10.65,6962,7498163.18
2024-06-25,10.63,10.78,10.85,10.63,3691,3968359.51
2024-06-26,10.63,10.75,10.78,10.52,3324,3538836.12
2024-06-27,10.73,10.63,10.74,10.59,2654,2828466.3
2024-06-28,10.62,10.69,10.75,10.62,1807,1932627.47
2024-07-01,10.79,10.84,10.98,10.68,3172,3429668.01
2024-07-02,10.71,10.79,10.86,10.71,2497,2692883.66
2024-07-03,10.86,10.72,10.86,10.72,1611,1733372.04
2024-07-04,10.75,10.55,10.86,10.52,3948,4228266.2
2024-07-05,10.52,10.72,10.78,10.4,3188,3374832.56
2024-07-08,10.85,10.46,10.85,10.46,3751,3985002.17
2024-07-09,10.66,10.62,10.69,10.35,2961,3107390.25
2024-07-10,10.55,10.59,10.73,10.55,2019,2150707.14
2024-07-11,10.77,10.82,10.86,10.65,4551,4893527.81
2024-07-12,10.79,10.7,10.81,10.64,3822,4102389.07
2024-07-15,10.7,10.57,10.73,10.56,3376,3578621.52
2024-07-16,10.56,10.83,10.88,10.55,6931,7456657.9
2024-07-17,10.82,11.6,11.75,10.78,36383,41654984.87
2024-07-18,11.45,11.22,11.65,11.18,21403,24335184.79
2024-07-19,11.2,11.21,11.37,11.1,9621,10819001.69
2024-07-22,11.31,11.09,11.38,11.01,8019,8909681.71
2024-07-23,11.1,10.82,11.15,10.8,5794,6347742.46
2024-07-24,10.83,10.64,10.87,10.61,5110,5462187.76
2024-07-25,10.58,10.63,10.83,10.58,3879,4146497.43
2024-07-26,10.61,10.7,10.76,10.6,3058,3262489.84
2024-07-29,10.69,10.64,10.79,10.61,3165,3374918.7
2024-07-30,10.65,10.72,10.84,10.65,2975,3203166.35
2024-07-31,10.67,10.99,11.03,10.67,7578,8281494.54
2024-08-01,11.0,10.88,11.22,10.86,5352,5897636.42
2024-08-02,10.81,11.06,11.32,10.81,13259,14768713.55
2024-08-05,11.0,10.66,11.07,10.6,8984,9738342.59
2024-08-06,10.78,10.91,10.97,10.66,7241,7851211.35
2024-08-07,10.84,10.74,10.89,10.7,5738,6174681.08
2024-08-08,10.72,11.08,11.46,10.72,24695,27693649.72
2024-08-09,11.08,11.0,11.2,10.89,11887,13056445.52
2024-08-12,11.04,11.33,11.55,10.97,20339,23044703.84
2024-08-13,11.32,11.07,11.32,10.96,12017,13324993.86
2024-08-14,11.02,10.93,11.09,10.8,6422,7033487.45
2024-08-15,11.03,11.05,11.21,10.92,6473,7162693.55
2024-08-16,11.07,10.88,11.09,10.86,5190,5678536.32
2024-08-19,10.82,10.86,10.92,10.78,5425,5885735.13
2024-08-20,10.81,10.8,10.96,10.77,5775,6274216.82
2024-08-21,10.75,10.66,10.82,10.65,4457,4776046.12
2024-08-22,10.63,10.53,10.74,10.51,5062,5362832.22
2024-08-23,10.6,10.53,10.6,10.45,4504,4737650.87
2024-08-26,10.47,10.43,10.61,10.4,5165,5420873.27
2024-08-27,10.57,10.53,10.69,10.5,7232,7656136.67
2024-08-28,10.43,10.59,10.64,10.43,4447,4700686.23
2024-08-29,10.59,10.69,10.73,10.53,4411,4706013.69
2024-08-30,10.74,10.86,10.92,10.65,6764,7332294.8
2024-09-02,10.76,10.65,10.86,10.61,4106,4401582.19
2024-09-03,10.66,10.69,10.79,10.6,3633,3882889.29
2024-09-04,10.69,10.62,10.71,10.55,4449,4718793.67
2024-09-05,10.68,10.62,10.72,10.57,3215,3424161.72
2024-09-06,10.7,10.51,10.7,10.46,4262,4490121.17
2024-09-09,10.46,10.5,10.55,10.37,2919,3059961.35
2024-09-10,10.49,10.52,10.52,10.39,2444,2551502.89
2024-09-11,10.47,10.48,10.51,10.42,2277,2382729.58
2024-09-12,10.52,10.43,10.55,10.38,3631,3799837.13
2024-09-13,10.43,10.5,10.63,10.35,4630,4862016.34
2024-09-18,10.55,10.42,10.55,10.37,2917,3038008.03
2024-09-19,10.49,10.52,10.59,10.4,3292,3464652.18
2024-09-20,10.48,10.53,10.57,10.48,3305,3476626.53
2024-09-23,10.59,10.54,10.68,10.52,2726,2884477.78
2024-09-24,10.58,10.74,10.77,10.49,7918,8438818.94
2024-09-25,10.96,10.83,11.0,10.81,12080,13169851.02
2024-09-26,10.84,11.02,11.07,10.79,9790,10709118.54
2024-09-27,11.23,11.71,11.98,11.13,28176,32618707.29
2024-09-30,12.5,13.66,13.8,12.09,82141,107253362.44
2024-10-08,16.8,15.98,17.2,14.35,104466,163610297.05
2024-10-09,14.93,13.48,15.11,13.4,58299,83477488.42
2024-10-10,13.52,13.48,14.25,13.4,35233,48491189.04
2024-10-11,13.51,12.53,13.51,12.41,26288,33758280.58
2024-10-14,12.6,12.99,13.12,12.5,20608,26420682.4
2024-10-15,12.87,12.58,13.3,12.57,26228,34056128.79
2024-10-16,12.45,12.82,13.18,12.36,23878,30627456.22
